जिला,विधानसभा,विकास खण्ड
अमरोहा,41. Amroha,अमरोहा
अमरोहा,39. Dhanaura,गजरौला
अमरोहा,42. Hasanpur,गंगेश्वरी
अमरोहा,39. Dhanaura,धनौरा
अमरोहा,42. Hasanpur,हसनपुर
अमरोहा,41. Amroha,जोया
अमेठी,186. Amethi,अमेठी
अमेठी,184. Jagdishpur,बाजार शुक्ल
अमेठी,186. Amethi,भादर
अमेठी,185. Gauriganj,गौरी गंज
अमेठी,185. Gauriganj,जामों
अमेठी,184. Jagdishpur,जगदीशपुर
अमेठी,186. Amethi,भेटुआ
अमेठी,185. Gauriganj,मुसाफिरखाना
अमेठी,186. Amethi,संग्रामपुर
अमेठी,185. Gauriganj,शाहगढ
अमेठी,178. Tiloi,तिलोई
अमेठी,178. Tiloi,बहादुरपुर
अमेठी,178. Tiloi,सिंहपुर
अम्बेडकर नगर,277. Katehari,कटेहरी
अम्बेडकर नगर,280. Jalalpur,जलालपुर
अम्बेडकर नगर,281. Akbarpur,अकबरपुर
अम्बेडकर नगर,278. Tanda,टाण्डा
अम्बेडकर नगर,277. Katehari,भीटी
अम्बेडकर नगर,278. Tanda,बसखारी
अम्बेडकर नगर,279. Alapur,रामनगर
अम्बेडकर नगर,279. Alapur,जहाँगीरगंज
अम्बेडकर नगर,280. Jalalpur,भियाँव
अयोध्या,274. Bikapur,मसौधा
अयोध्या,275. Ayodhya,पूराबाजार
अयोध्या,274. Bikapur,सोहावल
अयोध्या,276. Goshainganj,मयाबाजार
अयोध्या,274. Bikapur,बीकापुर
अयोध्या,276. Goshainganj,तारून
अयोध्या,273. Milkipur,हरिंग्टनगंज
अयोध्या,273. Milkipur,अमानीगंज
अयोध्या,273. Milkipur,मिल्कीपुर
अयोध्या,271. Rudauli,रूदौली
अयोध्या,271. Rudauli,मवई
अलीगढ़,77. Iglas,लोधा
अलीगढ़,73. Atrauli,बिजौली
अलीगढ़,71. Khair,टप्पल
अलीगढ़,77. Iglas,गोंडा
अलीगढ़,74. Chharra,गंगीरी
अलीगढ़,71. Khair,खैर
अलीगढ़,77. Iglas,इगलास
अलीगढ़,74. Chharra,धनीपुर
अलीगढ़,73. Atrauli,अतरौली
अलीगढ़,72. Barauli,चण्डौस
अलीगढ़,74. Chharra,अकराबाद
अलीगढ़,72. Barauli,जवां
आगरा,86. Etmadpur,एत्मादपुर
आगरा,86. Etmadpur,खन्दौली
आगरा,90. Agra Rural,अकोला
आगरा,90. Agra Rural,बिचपुरी
आगरा,90. Agra Rural,बरौली अहीर
आगरा,91. Fatehpur Sikri,फतेहपुर सीकरी
आगरा,91. Fatehpur Sikri,अछनेरा
आगरा,92. Kheragarh,खेरागढ
आगरा,92. Kheragarh,सौंया
आगरा,92. Kheragarh,जगनेर
आगरा,93. Fatehabad,शमशाबाद
आगरा,93. Fatehabad,फतेहाबाद
आगरा,94. Bah,बाह
आगरा,94. Bah,पिनाहाट
आगरा,93. Fatehabad,जौतपुर कलाँ
आजमगढ़,347. Azamgarh,रानी की सराय
आजमगढ़,348. Nizamabad,तहबरपुर
आजमगढ़,348. Nizamabad,मिर्जापुर
आजमगढ़,350. Didarganj,मुहम्मदपुर
आजमगढ़,347. Azamgarh,पल्हनी
आजमगढ़,351. Lalganj,लालगंज
आजमगढ़,351. Lalganj,ठेकमा
आजमगढ़,352. Mehnagar,तरवां
आजमगढ़,352. Mehnagar,मेहनगर
आजमगढ़,346. Mubarakpur,जहानागंज
आजमगढ़,346. Mubarakpur,सठियाव
आजमगढ़,344. Gopalpur,बिलरियागंज
आजमगढ़,344. Gopalpur,अजमतगढ
आजमगढ़,346. Mubarakpur,महराजगंज
आजमगढ़,345. Sagri,हरैया
आजमगढ़,349. Phoolpur Pawai,फूलपुर
आजमगढ़,349. Phoolpur Pawai,पवई
आजमगढ़,350. Didarganj,मार्टिनगंज
आजमगढ़,343. Atrauliya,कोयलसा
आजमगढ़,343. Atrauliya,अतरौलिया
आजमगढ़,343. Atrauliya,अहिरौला
आजमगढ़,351. Lalganj,पल्हना
इटावा,201. Bharthana,चकर नगर
इटावा,199. Jaswant Nagar,सैफई
इटावा,199. Jaswant Nagar,जसवंत नगर
इटावा,201. Bharthana,भरथना
इटावा,199. Jaswant Nagar,ताखा
इटावा,200. Etawah,बढ.पुरा
इटावा,200. Etawah,बसरेहर
इटावा,201. Bharthana,महेवा
उन्नाव,164. Mohan,मियॉगंज
उन्नाव,164. Mohan,औरास
उन्नाव,167. Purwa,पुरवा
उन्नाव,163. Safipur,हसनगंज
उन्नाव,162. Bangarmau,बांगरमऊ
उन्नाव,163. Safipur,सफीपुर
उन्नाव,162. Bangarmau,गंज मुरादाबाद
उन्नाव,167. Purwa,सिकन्दरपुर करन
उन्नाव,164. Mohan,नवाबगंज
उन्नाव,167. Purwa,बीघापुर
उन्नाव,166. Bhagwantnagar,सुमेरपुर
उन्नाव,167. Purwa,असोहा
उन्नाव,162. Bangarmau,फतेहपुर चौरासी
उन्नाव,165. Unnao,सि0 सिरोसी
उन्नाव,167. Purwa,बिछिया
उन्नाव,167. Purwa,हिलौली
एटा,105. Marhara,मारहरा
एटा,104. Etah,सकीट
एटा,106. Jalesar,अवागढ
एटा,104. Etah,शीतलपुर
एटा,104. Etah,निधौली कलॉ
एटा,106. Jalesar,जलेसर
एटा,104. Etah,जैथरा
एटा,103. Aliganj,अलीगंज
औरैया,202. Bidhuna,एरवा कटरा
औरैया,203. Dibiyapur,अछल्दा
औरैया,204. Auraiya,अजीतमल
औरैया,204. Auraiya,औरैया
औरैया,202. Bidhuna,विधूना
औरैया,202. Bidhuna,सहार
औरैया,203. Dibiyapur,भाग्यनगर
कन्नौज,198. Kannauj,कन्नौज
कन्नौज,198. Kannauj,जलालाबाद
कन्नौज,196. Chhibramau,तालग्राम
कन्नौज,196. Chhibramau,छिबरामऊ
कन्नौज,197. Tirwa,सौरिख
कन्नौज,197. Tirwa,उमर्दा
कन्नौज,197. Tirwa,हसेरन
कन्नौज,198. Kannauj,गुगरापुर
कानपुर देहात,207. Sikandra,झींझक
कानपुर देहात,207. Sikandra,राजपुर
कानपुर देहात,207. Sikandra,डेरापुर
कानपुर देहात,205. Rasulabad,मैथा
कानपुर देहात,208. Bhognipur,अमरौधा
कानपुर देहात,208. Bhognipur,मलासा
कानपुर देहात,207. Sikandra,सन्दलपुर
कानपुर देहात,206. Akbarpur Rania,सरवनखेडा
कानपुर देहात,206. Akbarpur Rania,अकबरपुर
कानपुर देहात,205. Rasulabad,रसूलाबाद
कानपुर नगर,217. Maharajpur,सरसौल
कानपुर नगर,210. Bithoor,विधनू
कानपुर नगर,209. Bilhaur,शिवराजपुर
कानपुर नगर,218. Ghatampur,पतारा
कानपुर नगर,210. Bithoor,कल्यानपुर
कानपुर नगर,209. Bilhaur,चौबेपुर
कानपुर नगर,209. Bilhaur,बिल्हौर
कानपुर नगर,218. Ghatampur,घाटमपुर
कानपुर नगर,209. Bilhaur,ककवन
कानपुर नगर,210. Bithoor,भीतर गाँव
कासगंज,102. Patiyali,पटियाली
कासगंज,102. Patiyali,गंजडुण्डवारा
कासगंज,101. Amanpur,सिढपुरा
कासगंज,100. Kasganj,कासगंज
कासगंज,101. Amanpur,सोरों
कासगंज,101. Amanpur,अमांपुर
कासगंज,101. Amanpur,सहावर
कुशीनगर,330. Padrauna,पडरौना
कुशीनगर,332. Fazilnagar,सेवरही
कुशीनगर,333. Kushinagar,कसया
कुशीनगर,334. Hata,हाटा
कुशीनगर,334. Hata,मोतीचक
कुशीनगर,335. Ramkola,रामकोला
कुशीनगर,335. Ramkola,कप्तानगंज
कुशीनगर,330. Padrauna,विशुनपुरा
कुशीनगर,334. Hata,सुकरौली
कुशीनगर,332. Fazilnagar,फाजिलनगर
कुशीनगर,329. Khadda,खड्डा
कुशीनगर,332. Fazilnagar,दुदही
कुशीनगर,329. Khadda,नेबुआ नौरंगिया
कुशीनगर,331. Tamkuhi Raj,तमकुहीराज
कौशाम्बी,251. Sirathu,कडा
कौशाम्बी,253. Chayal,कौशाम्बी
कौशाम्बी,253. Chayal,नेवादा
कौशाम्बी,253. Chayal,चायल
कौशाम्बी,252. Manjhanpur,सरसंवा
कौशाम्बी,252. Manjhanpur,मंझनपुर
कौशाम्बी,253. Chayal,मूरतगंज
कौशाम्बी,251. Sirathu,सिराथू
गाजियाबाद,53. Loni,लौनी
गाजियाबाद,54. Muradnagar,मुरादनगर
गाजियाबाद,55. Sahibabad,रजापुर
गाजियाबाद,57. Modi Nagar,भोजपुर
गाज़ीपुर,377. Zahoorabad,कासिमाबाद
गाज़ीपुर,378. Mohammadabad,मुहम्मदाबाद
गाज़ीपुर,378. Mohammadabad,रेवतीपुर
गाज़ीपुर,373. Jakhanian,मनिहारी
गाज़ीपुर,374. Saidpur,देवकली
गाज़ीपुर,379. Zamaniya,जमानियां
गाज़ीपुर,374. Saidpur,सैदपुर
गाज़ीपुर,374. Saidpur,सादात
गाज़ीपुर,373. Jakhanian,जखनियाँ
गाज़ीपुर,375. Ghazipur Sadar,सदर
गाज़ीपुर,377. Zahoorabad,बाराचवर
गाज़ीपुर,379. Zamaniya,भदौरा
गाज़ीपुर,378. Mohammadabad,भॉवरकोल
गाज़ीपुर,376. Jangipur,मरदह
गाज़ीपुर,375. Ghazipur Sadar,करण्डा
गाज़ीपुर,376. Jangipur,विरनो
गोंडा,297. Katra Bazar,हलधरमऊ
गोंडा,298. Colonelganj,परसपुर
गोंडा,300. Mankapur,नवाबगंज
गोंडा,300. Mankapur,मनकापुर
गोंडा,299. Tarabganj,बेलसर
गोंडा,297. Katra Bazar,कटरा बाजार
गोंडा,296. Gonda,पण्डरी कृपाल
गोंडा,301. Gaura,छपिया
गोंडा,296. Gonda,झंझरी
गोंडा,299. Tarabganj,तरबगंज
गोंडा,295. Mehnaun,इटियाथोक
गोंडा,298. Colonelganj,कर्नलगंज
गोंडा,300. Mankapur,वजीरगंज
गोंडा,301. Gaura,बभनजोत
गोंडा,295. Mehnaun,रूपईडीह
गोरखपुर,321. Pipraich,भटहट
गोरखपुर,328. Chillupar,उरूवॉ
गोरखपुर,326. Chauri Chaura,ब्रहमपुर
गोरखपुर,320. Campiyarganj,जंगल कौडिया
गोरखपुर,321. Pipraich,पिपराइच
गोरखपुर,328. Chillupar,गगहा
गोरखपुर,324. Sahajanwa,पाली
गोरखपुर,320. Campiyarganj,कैम्पियर गंज
गोरखपुर,321. Pipraich,चरगावॉ
गोरखपुर,328. Chillupar,गोला
गोरखपुर,328. Chillupar,बडहलगंज
गोरखपुर,321. Pipraich,खोराबार
गोरखपुर,325. Khajani,बेलघाट
गोरखपुर,326. Chauri Chaura,सरदारनगर
गोरखपुर,324. Sahajanwa,सहजनवॉ
गोरखपुर,324. Sahajanwa,पिपरौली
गोरखपुर,325. Khajani,खजनी
गोरखपुर,327. Bansgaon,बॉसगॉव
गोरखपुर,327. Bansgaon,कौडीराम
गोरखपुर,320. Campiyarganj,भरोहिया
गौतमबुद्ध नगर,62. Dadri,विसरख
गौतमबुद्ध नगर,62. Dadri,दादरी
गौतमबुद्ध नगर,63. Jewar,जेवर
चन्दौली,383. Chakia,नौगढ
चन्दौली,381. Sakaldiha,सकलडीहा
चन्दौली,381. Sakaldiha,चन्दौली
चन्दौली,382. Saiyadraja,बरहनी
चन्दौली,380. Mughalsarai,नियमताबाद
चन्दौली,383. Chakia,चकिया
चन्दौली,381. Sakaldiha,चहनियां
चन्दौली,382. Saiyadraja,धानापुर
चन्दौली,383. Chakia,शाहाबगंज
चित्रकूट,237. Manikpur,मऊ
चित्रकूट,237. Manikpur,रामनगर
चित्रकूट,237. Manikpur,मानिकपुर
चित्रकूट,236. Chitrakoot,कर्वी (चित्रकूट)
चित्रकूट,236. Chitrakoot,पहाडी
जालौन,221. Orai,डकोर
जालौन,220. Kalpi,कदौरा
जालौन,220. Kalpi,महेवा
जालौन,219. Madhogarh,रामपुरा
जालौन,219. Madhogarh,नदीगांव
जालौन,219. Madhogarh,कुठौन्द
जालौन,219. Madhogarh,कोचं
जालौन,219. Madhogarh,माधौगढ
जालौन,221. Orai,जालौन
जौनपुर,371. Jafrabad,धर्मापुर
जौनपुर,364. Badlapur,बदलापुर
जौनपुर,370. Mariyahu,रामपुर
जौनपुर,372. Kerakat,मुफतीगंज
जौनपुर,371. Jafrabad,जलालपुर
जौनपुर,372. Kerakat,डोभी
जौनपुर,367. Malhani,सिकरारा
जौनपुर,364. Badlapur,महराजगंज
जौनपुर,370. Mariyahu,मडियाहू
जौनपुर,368. Mungra Badshahpur,सुजानगंज
जौनपुर,372. Kerakat,केराकत
जौनपुर,365. Shahganj,सुइथा कला
जौनपुर,371. Jafrabad,सिरकोनी
जौनपुर,365. Shahganj,खुटहन
जौनपुर,369. Machhlishahar,बरसठी
जौनपुर,370. Mariyahu,रामनगर
जौनपुर,367. Malhani,बक्शा
जौनपुर,366. Jaunpur,करन्जा कला
जौनपुर,369. Machhlishahar,मछलीशहर
जौनपुर,368. Mungra Badshahpur,मुगराबादशाहपुर
जौनपुर,365. Shahganj,शाहगंज सोधी
झांसी,225. Garautha,बामौर
झांसी,222. Babina,बबीना
झांसी,225. Garautha,गुरसराय
झांसी,222. Babina,चिरगांव
झांसी,225. Garautha,मोठ
झांसी,222. Babina,बडागांव
झांसी,224. Mauranipur,मऊरानीपुर
झांसी,224. Mauranipur,बंगरा
देवरिया,338. Pathardeva,देसही देवरिया
देवरिया,340. Bhatpar Rani,भाटपार रानी
देवरिया,337. Deoria,देवरिया सदर
देवरिया,341. Salempur,सलेमपुर
देवरिया,342. Barhaj,भागलपुर
देवरिया,342. Barhaj,बरहज
देवरिया,340. Bhatpar Rani,बनकटा
देवरिया,341. Salempur,लार
देवरिया,337. Deoria,बैतालपुर
देवरिया,336. Rudrapur,गौरीबाजार
देवरिया,342. Barhaj,भलुअनी
देवरिया,336. Rudrapur,रूद्रपुर
देवरिया,338. Pathardeva,पथरदेवा
देवरिया,339. Rampur Karkhana,रामपुर कारखाना
देवरिया,339. Rampur Karkhana,भटनी
देवरिया,338. Pathardeva,तरकुलवा
पीलीभीत,130. Bisalpur,बीसलपुर
पीलीभीत,130. Bisalpur,बिलसण्डा
पीलीभीत,128. Barkhera,मरौरी
पीलीभीत,128. Barkhera,बरखेडा
पीलीभीत,127. Pilibhit,अमरिया
पीलीभीत,127. Pilibhit,ललौरी खेडा
पीलीभीत,129. Puranpur,पूरनपुर
प्रतापगढ़,247. Vishwanathganj,मान्धाता
प्रतापगढ़,249. Patti,आसपुर देवसरा
प्रतापगढ़,248. Pratapgarh,सदर
प्रतापगढ़,245. Babaganj,बाबागंज
प्रतापगढ़,246. Kunda,कालाकांकर
प्रतापगढ़,247. Vishwanathganj,संडवा चंद्रिका
प्रतापगढ़,247. Vishwanathganj,लक्ष्मणपुर
प्रतापगढ़,244. Rampur Khas,लालगंज
प्रतापगढ़,244. Rampur Khas,रामपुर संग्रामगढ
प्रतापगढ़,244. Rampur Khas,सांगीपुर
प्रतापगढ़,246. Kunda,बिहार
प्रतापगढ़,250. Raniganj,गौरा
प्रतापगढ़,249. Patti,मगरौरा
प्रतापगढ़,249. Patti,पट्टी
प्रतापगढ़,249. Patti,बाबा बेलखरनाथ धाम
प्रतापगढ़,250. Raniganj,शिवगढ
प्रतापगढ़,246. Kunda,कुण्डा
प्रयागराज,259. Meja,मेजा
प्रयागराज,259. Meja,उरुवा
प्रयागराज,255. Soraon,बहरिया
प्रयागराज,264. Bara,कोरॉव
प्रयागराज,259. Meja,जसरा
प्रयागराज,256. Phulpur,बहादुरपुर
प्रयागराज,258. Handia,सैदाबाद
प्रयागराज,264. Bara,कौधियारा
प्रयागराज,260. Karachhana,करछना
प्रयागराज,255. Soraon,मऊआइमा
प्रयागराज,258. Handia,धनूपुर
प्रयागराज,254. Phaphamau,कौडिहार
प्रयागराज,255. Soraon,सोरॉव
प्रयागराज,258. Handia,हंडिया
प्रयागराज,259. Meja,मांडा
प्रयागराज,257. Pratappur,प्रतापपुर
प्रयागराज,256. Phulpur,फूलपुर
प्रयागराज,264. Bara,शंकरगढ
प्रयागराज,260. Karachhana,चाका
प्रयागराज,254. Phaphamau,होलागढ
प्रयागराज,256. Phulpur,सहसों
प्रयागराज,254. Phaphamau,श्रंगवेरपुर धाम
प्रयागराज,262. Allahabad North,भगवतपुर
फतेहपुर,243. Khaga,हसवा
फतेहपुर,238. Jahanabad,खजुहा
फतेहपुर,238. Jahanabad,देवमई
फतेहपुर,239. Bindki,मलवां
फतेहपुर,238. Jahanabad,अमौली
फतेहपुर,239. Bindki,तेलियानी
फतेहपुर,241. Ayah Shah,बहुआ
फतेहपुर,240. Fatehpur,भिटौरा
फतेहपुर,243. Khaga,धाता
फतेहपुर,242. Husainganj,हथगाम
फतेहपुर,241. Ayah Shah,असोथर
फतेहपुर,243. Khaga,विजयीपुर
फतेहपुर,242. Husainganj,ऐरायां
फर्रुखाबाद,193. Amritpur,नवाबगंज
फर्रुखाबाद,194. Farrukhabad,बढ़पुर
फर्रुखाबाद,192. Kaimganj,कायमगंज
फर्रुखाबाद,193. Amritpur,राजेपुर
फर्रुखाबाद,192. Kaimganj,शमसाबाद
फर्रुखाबाद,195. Bhojpur,कमालगंज
फर्रुखाबाद,195. Bhojpur,मोहम्मदाबाद
फिरोज़ाबाद,96. Jasrana,जसराना
फिरोज़ाबाद,96. Jasrana,एका
फिरोज़ाबाद,99. Sirsaganj,अरांव
फिरोज़ाबाद,95. Tundla,नारखी
फिरोज़ाबाद,99. Sirsaganj,मदनपुर
फिरोज़ाबाद,96. Jasrana,हाथवन्त
फिरोज़ाबाद,98. Shikohabad,शिकोहाबाद
फिरोज़ाबाद,97. Firozabad,फिरोजाबाद
फिरोज़ाबाद,95. Tundla,टूण्डला
बदायूं,116. Shekhupur,जगत
बदायूं,115. Badaun,वजीरगंज
बदायूं,112. Bisauli,बिसौली
बदायूं,117. Dataganj,म्याऊँ
बदायूं,114. Bilsi,अम्बियापुर
बदायूं,113. Sahaswan,इस्लामनगर
बदायूं,116. Shekhupur,कादरचौक
बदायूं,114. Bilsi,उझानी
बदायूं,117. Dataganj,समरेर
बदायूं,115. Badaun,सालारपुर
बदायूं,113. Sahaswan,दहगवाँ
बदायूं,117. Dataganj,दातागंज
बदायूं,112. Bisauli,आसफपुर
बदायूं,113. Sahaswan,सहसवान
बदायूं,117. Dataganj,उसावॉ
बरेली,123. Bithari Chainpur,क्यारा
बरेली,120. Bhojipura,भोजीपुरा
बरेली,123. Bithari Chainpur,बिथरी चैनपुर
बरेली,118. Baheri,बहेडी
बरेली,118. Baheri,शेरगढ
बरेली,118. Baheri,दमखोदा
बरेली,122. Faridpur,फरीदपुर
बरेली,122. Faridpur,भुता
बरेली,121. Nawabganj,नवाबगंज
बरेली,121. Nawabganj,भदपुरा
बरेली,119. Meerganj,मीरगंज
बरेली,119. Meerganj,फतेहगंज (प0)
बरेली,123. Bithari Chainpur,आलमपुर जाफराबाद
बरेली,126. Aonla,मझगवां
बरेली,126. Aonla,रामनगर
बलरामपुर,294. Balrampur,बलरामपुर
बलरामपुर,292. Gainsari,गैंसडी
बलरामपुर,292. Gainsari,पचपेडवा
बलरामपुर,293. Utraula,गैडास बुजुर्ग
बलरामपुर,294. Balrampur,श्रीदत्तगंज
बलरामपुर,293. Utraula,उतरौला
बलरामपुर,293. Utraula,रेहराबाजार
बलरामपुर,291. Tulsipur,तुलसीपुर
बलरामपुर,292. Gainsari,हरैया सतघरवा
बलिया,357. Belthara Road,सीयर
बलिया,363. Bairia,बैरिया
बलिया,359. Sikandarpur,पन्दह
बलिया,362. Bansdih,बासडीह
बलिया,363. Bairia,बेरूआरबारी
बलिया,360. Phephana,गडवार
बलिया,360. Phephana,सोहांव
बलिया,359. Sikandarpur,नवानगर
बलिया,358. Rasara,नगरा
बलिया,358. Rasara,चिलकहर
बलिया,358. Rasara,रसडा
बलिया,361. Ballia Nagar,दुबहड
बलिया,363. Bairia,बेलहरी
बलिया,361. Ballia Nagar,हनुमानगंज
बलिया,362. Bansdih,मनियर
बलिया,363. Bairia,मुरली छपरा
बलिया,362. Bansdih,रेवती
बस्ती,307. Harraiya,हर्रैया
बस्ती,310. Basti Sadar,साऊॅ्रघाट
बस्ती,309. Rudhauli,रामनगर
बस्ती,307. Harraiya,बिक्रमजोत
बस्ती,309. Rudhauli,रूधौली
बस्ती,308. Kaptanganj,कप्तानगंज
बस्ती,311. Mahadewa,बनकटी
बस्ती,308. Kaptanganj,गौर
बस्ती,307. Harraiya,परसरामपुर
बस्ती,310. Basti Sadar,बस्ती सदर
बस्ती,309. Rudhauli,सल्टौआ गोपालपुर
बस्ती,311. Mahadewa,कुदरहा
बस्ती,311. Mahadewa,बहादुरपुर
बस्ती,307. Harraiya,दुबौलिया
बहराइच,288. Kaiserganj,जरवल
बहराइच,288. Kaiserganj,कैसरगंज
बहराइच,287. Payagpur,हुजूरपुर
बहराइच,288. Kaiserganj,फखरपुर
बहराइच,286. Bahraich,तजवापुर
बहराइच,283. Nanpara,बलहा
बहराइच,285. Mahasi,महसी
बहराइच,285. Mahasi,शिवपुर
बहराइच,282. Balha,मिहीपुरवा
बहराइच,283. Nanpara,नवाबगंज
बहराइच,286. Bahraich,चित्तौरा
बहराइच,284. Matera,रिसिया
बहराइच,287. Payagpur,पयागपुर
बहराइच,287. Payagpur,विशेश्वरगंज
बांदा,234. Naraini,नरैनी
बांदा,235. Banda,बæडोखर खुर्द
बांदा,232. Tindwari,तिन्दवारी
बांदा,234. Naraini,महुआ
बांदा,234. Naraini,जसपुरा
बांदा,233. Baberu,कमासिन
बांदा,233. Baberu,बबेरू
बांदा,233. Baberu,बिसण्डा
बागपत,52. Baghpat,खेकडा
बागपत,52. Baghpat,पिलाना
बागपत,51. Baraut,बडौत
बागपत,50. Chhaprauli,छपरौली
बागपत,50. Chhaprauli,बिनौली
बागपत,52. Baghpat,बागपत
बाराबंकी,267. Ramnagar,रामनगर
बाराबंकी,267. Ramnagar,सूरतगंज
बाराबंकी,266. Kursi,फतेहपुर
बाराबंकी,266. Kursi,निन्दूरा
बाराबंकी,269. Zaidpur,मसौली
बाराबंकी,268. Barabanki,बंकी
बाराबंकी,268. Barabanki,देवां
बाराबंकी,269. Zaidpur,हरख
बाराबंकी,270. Dariyabad,दरियाबाद
बाराबंकी,270. Dariyabad,बनीकोडर
बाराबंकी,270. Dariyabad,पूरेडलई
बाराबंकी,272. Haidergarh,हैदरगढ
बाराबंकी,272. Haidergarh,त्रिवेदीगंज
बाराबंकी,272. Haidergarh,सिद्धौर
बाराबंकी,267. Ramnagar,सिरौली गौसपुर
बिजनौर,18. Nagina,कोतवाली
बिजनौर,19. Barhapur,अफजलगढ
बिजनौर,21. Nehtaur,आकू नहटौर
बिजनौर,18. Nagina,किरतपुर
बिजनौर,22. Bijnor,मौ0पुर देवमल
बिजनौर,17. Najibabad,नजीबाबाद
बिजनौर,21. Nehtaur,हल्दौर
बिजनौर,23. Chandpur,जलीलपुर
बिजनौर,20. Dhampur,स्योहारा
बिजनौर,20. Dhampur,अल्हैपुर धामपुर
बुलंदशहर,61. Noida,लखावटी
बुलंदशहर,69. Shikarpur,पहासू
बुलंदशहर,67. Anupshahr,अनूपशहर
बुलंदशहर,69. Shikarpur,शिकारपुर
बुलंदशहर,66. Siana,स्याना
बुलंदशहर,70. Khurja,अरनियां
बुलंदशहर,68. Debai,डिबाई
बुलंदशहर,70. Khurja,खुर्जा
बुलंदशहर,64. Sikandrabad,सिकन्द्राबाद
बुलंदशहर,66. Siana,बी.बी.नगर
बुलंदशहर,66. Siana,ऊँचागाँव
बुलंदशहर,67. Anupshahr,जहांगीराबाद
बुलंदशहर,68. Debai,दानपुर
बुलंदशहर,65. Bulandshahr,बुलन्दशहर
बुलंदशहर,64. Sikandrabad,गुलावटी
बुलंदशहर,65. Bulandshahr,अगौता
भदोही,393. Gyanpur,ज्ञानपुर
भदोही,394. Aurai,औराई
भदोही,393. Gyanpur,डीघ
भदोही,394. Aurai,सुरियांवां
भदोही,392. Bhadohi,भदोही
भदोही,392. Bhadohi,अभोली
मऊ,354. Ghosi,बडराव
मऊ,354. Ghosi,घोसी
मऊ,356. Mau,रतनपुरा
मऊ,353. Madhuban,दोहरीघाट
मऊ,353. Madhuban,फतहपुर मण्डाव
मऊ,355. Muhammadabad Gohna,रानीपुर
मऊ,356. Mau,कोपागंज
मऊ,355. Muhammadabad Gohna,मुहम्मदाबाद
मऊ,356. Mau,परदहा
मथुरा,84. Mathura,मथुरा
मथुरा,83. Govardhan,गोवर्धन
मथुरा,85. Baldev,बल्देव
मथुरा,85. Baldev,फरह
मथुरा,81. Chhata,चौमुहाँ
मथुरा,81. Chhata,छाता
मथुरा,81. Chhata,नन्दगाँव
मथुरा,82. Mant,माट
मथुरा,82. Mant,नौहझील
मथुरा,82. Mant,राया
महराजगंज,319. Paniyara,पनियरा
महराजगंज,319. Paniyara,परतावल
महराजगंज,317. Siswa,घुघली
महराजगंज,318. Maharajganj,महाराजगंज सदर
महराजगंज,317. Siswa,मिठौरा
महराजगंज,317. Siswa,सिसवा बाजार
महराजगंज,317. Siswa,निचलौल
महराजगंज,316. Nautanwa,नौतनवा
महराजगंज,316. Nautanwa,लक्ष्मीपुर
महराजगंज,315. Pharenda,फरेन्दा
महराजगंज,315. Pharenda,ब्रजमनगंज
महराजगंज,315. Pharenda,धानी
महोबा,230. Mahoba,कबरई
महोबा,231. Charkhari,पनवाडी
महोबा,230. Mahoba,चरखारी
महोबा,231. Charkhari,जैतपुर
मिर्जापुर,396. Mirzapur,सिटी
मिर्जापुर,396. Mirzapur,कोन
मिर्जापुर,398. Chunar,सीखड़
मिर्जापुर,395. Chhanbey,लालगंज
मिर्जापुर,398. Chunar,जमालपुर
मिर्जापुर,397. Majhawan,मझवां
मिर्जापुर,395. Chhanbey,हालिया
मिर्जापुर,397. Majhawan,पहाड़ी
मिर्जापुर,398. Chunar,नारायणपुर
मिर्जापुर,395. Chhanbey,छानबे
मिर्जापुर,399. Marihan,राजगढ़
मिर्जापुर,399. Marihan,पटेहरा
मुजफ्फर नगर,12. Charthawal,बघरा
मुजफ्फर नगर,13. Purqazi,पुरकाजी
मुजफ्फर नगर,15. Khatauli,खतौली
मुजफ्फर नगर,16. Meerapur,मोरना
मुजफ्फर नगर,16. Meerapur,जानसठ
मुजफ्फर नगर,11. Budhana,बुढाना
मुजफ्फर नगर,11. Budhana,शाहपुर
मुजफ्फर नगर,14. Muzaffarnagar Sadar,सदर
मुजफ्फर नगर,12. Charthawal,चरथावल
मुरादाबाद,30. Bilari,बिलारी
मुरादाबाद,27. Moradabad Rural,भगतपुर टाण्डा
मुरादाबाद,26. Thakurdwara,ठाकुरद्वारा
मुरादाबाद,28. Moradabad Nagar,मुरादाबाद
मुरादाबाद,26. Thakurdwara,डिलारी
मुरादाबाद,29. Kundarki,डींगरपुर (कुन्दरकी)
मुरादाबाद,29. Kundarki,मुढा पाण्डेय
मुरादाबाद,25. Kanth,छजलौट
मेरठ,43. Siwalkhas,जानी खुर्द
मेरठ,43. Siwalkhas,रोहटा
मेरठ,44. Sardhana,दौराला
मेरठ,46. Kithore,रजपुरा
मेरठ,46. Kithore,खरखौदा
मेरठ,45. Hastinapur,मवाना
मेरठ,49. Meerut South,मेरठ
मेरठ,45. Hastinapur,हस्तिनापुर
मेरठ,44. Sardhana,सरधना
मेरठ,43. Siwalkhas,सरूरपुर खुर्द
मेरठ,46. Kithore,माछरा
मेरठ,45. Hastinapur,परीक्षितगढ़
मैनपुरी,107. Mainpuri,मैनपुरी
मैनपुरी,110. Karhal,घिरोर
मैनपुरी,107. Mainpuri,कुरावली
मैनपुरी,108. Bhongaon,बेबर
मैनपुरी,109. Kishni,किशनी
मैनपुरी,109. Kishni,जागीर
मैनपुरी,108. Bhongaon,सुल्तानगंज
मैनपुरी,110. Karhal,करहल
मैनपुरी,110. Karhal,बरनाहल
रामपुर,36. Bilaspur,बिलासपुर
रामपुर,38. Milak,शाहाबाद
रामपुर,35. Chamraua,चमरौआ
रामपुर,37. Rampur,सैदनगर
रामपुर,38. Milak,मिलक
रामपुर,34. Suar,स्वार
रायबरेली,183. Unchahar,ऊंचाहार
रायबरेली,183. Unchahar,दीनशाहगौरा
रायबरेली,182. Sareni,सरेनी
रायबरेली,179. Harchandpur,सताँव
रायबरेली,179. Harchandpur,हरचन्दपुर
रायबरेली,182. Sareni,लालगंज
रायबरेली,177. Bachrawan,महराजगंज
रायबरेली,179. Harchandpur,खीरो
रायबरेली,180. Rae Bareli,राही
रायबरेली,180. Rae Bareli,अमावाँ
रायबरेली,181. Salon,छतोह
रायबरेली,181. Salon,डीह
रायबरेली,183. Unchahar,जगतपुर
रायबरेली,177. Bachrawan,बछरावां
रायबरेली,177. Bachrawan,शिवगढ
रायबरेली,181. Salon,सलोन
रायबरेली,183. Unchahar,रोहनिया
रायबरेली,182. Sareni,डलमऊ
लखनऊ,169. Bakshi Ka Talab,गोसाईगंज
लखनऊ,169. Bakshi Ka Talab,चिनहट
लखनऊ,176. Mohanlalganj,मोहनलालगंज
लखनऊ,170. Sarojini Nagar,सरोजनीनगर
लखनऊ,168. Malihabad,मलिहाबाद
लखनऊ,168. Malihabad,माल
लखनऊ,169. Bakshi Ka Talab,बक्शी का तालाब
लखनऊ,168. Malihabad,काकोरी
लखीमपुर खीरी,138. Nighasan,लखीमपुर
लखीमपुर खीरी,140. Sri Nagar,बेहजम
लखीमपुर खीरी,140. Sri Nagar,फूलबेहड
लखीमपुर खीरी,142. Lakhimpur,नकहा
लखीमपुर खीरी,139. Gola Gokrannath,गोला (कुम्भी)
लखीमपुर खीरी,139. Gola Gokrannath,बिजुआ
लखीमपुर खीरी,137. Paliya,बांकेगंज
लखीमपुर खीरी,144. Mohammadi,मोहम्मदी
लखीमपुर खीरी,143. Kasta,मितौली
लखीमपुर खीरी,144. Mohammadi,पसगवां
लखीमपुर खीरी,141. Dhaurahra,धौरहरा
लखीमपुर खीरी,137. Paliya,पलिया
लखीमपुर खीरी,138. Nighasan,निघासन
लखीमपुर खीरी,141. Dhaurahra,ईसानगर
लखीमपुर खीरी,138. Nighasan,रमियाबेहड
ललितपुर,227. Mehroni,मडावरा
ललितपुर,226. Lalitpur,तालबेहट
ललितपुर,227. Mehroni,महरौनी
ललितपुर,227. Mehroni,बार
ललितपुर,226. Lalitpur,विरधा
ललितपुर,226. Lalitpur,जखौरा
वाराणसी,391. Sevapuri,सेवापुरी
वाराणसी,386. Shivpur,चिरईगांव
वाराणसी,391. Sevapuri,आराजी लाइन्स
वाराणसी,384. Pindra,पिण्ड्रा
वाराणसी,385. Ajgara,चोलापुर
वाराणसी,387. Rohaniya,काशीविद्यापीठ
वाराणसी,384. Pindra,बडागांव
वाराणसी,386. Shivpur,हरहुआ
शामली,9. Thana Bhawan,थानाभवन
शामली,8. Kairana,कैराना
शामली,10. Shamli,शामली
शामली,8. Kairana,ऊन
शामली,8. Kairana,कांधला
शाहजहांपुर,136. Dadraul,मदनापुर
शाहजहांपुर,136. Dadraul,ददरौल
शाहजहांपुर,136. Dadraul,काँट
शाहजहांपुर,136. Dadraul,भावलखेडा
शाहजहांपुर,132. Jalalabad,जलालाबाद
शाहजहांपुर,132. Jalalabad,मिर्जापुर
शाहजहांपुर,132. Jalalabad,कलान
शाहजहांपुर,133. Tilhar,सिंधौली
शाहजहांपुर,134. Powayan,वण्डा
शाहजहांपुर,134. Powayan,खुटार
शाहजहांपुर,134. Powayan,पुवाया
शाहजहांपुर,131. Katra,कटरा - खुदागंज
शाहजहांपुर,131. Katra,जौतीपुर
शाहजहांपुर,133. Tilhar,निगोंही
शाहजहांपुर,133. Tilhar,तिलहर
श्रावस्ती,291. Tulsipur,गिलौला
श्रावस्ती,289. Bhinga,सिरसिया
श्रावस्ती,289. Bhinga,हरिहरपुर रानी
श्रावस्ती,289. Bhinga,जमुनहा
श्रावस्ती,290. Shrawasti,इकौना
सन्त कबीर नगर,313. Khalilabad,बघौली
सन्त कबीर नगर,313. Khalilabad,सेमरियावा
सन्त कबीर नगर,314. Dhanghata,नाथनगर
सन्त कबीर नगर,314. Dhanghata,हैसरबाजार
सन्त कबीर नगर,313. Khalilabad,खलीलाबाद
सन्त कबीर नगर,312. Menhdawal,मेंहदावल
सन्त कबीर नगर,312. Menhdawal,सॉथा
सन्त कबीर नगर,314. Dhanghata,पौली
सन्त कबीर नगर,312. Menhdawal,बेलहर कला
सम्भल,32. Asmoli,असमौली
सम्भल,111. Gunnaur,रजपुरा
सम्भल,111. Gunnaur,जुनावई
सम्भल,111. Gunnaur,गुन्नौर
सम्भल,31. Chandausi,सम्भल
सम्भल,111. Gunnaur,पंवासा
सम्भल,31. Chandausi,बहजोई
सम्भल,33. Sambhal,वनिया खेड़ा
सहारनपुर,6. Rampur Maniharan,रामपुर मनिहारन
सहारनपुर,1. Behat,साढौली कदीम
सहारनपुर,5. Deoband,देवबन्द
सहारनपुर,7. Gangoh,नानौता
सहारनपुर,1. Behat,मुजफराबाद
सहारनपुर,2. Nakur,सरसावा
सहारनपुर,2. Nakur,नकुड
सहारनपुर,4. Saharanpur Dehat,पूवारंका
सहारनपुर,7. Gangoh,गंगोह
सहारनपुर,6. Rampur Maniharan,बलियाखेडी
सहारनपुर,5. Deoband,नागल
सिद्धार्थ नगर,304. Bansi,बांसी
सिद्धार्थ नगर,304. Bansi,खेसरहा
सिद्धार्थ नगर,304. Bansi,मिठवल
सिद्धार्थ नगर,306. Domariyaganj,डुमरियागंज
सिद्धार्थ नगर,306. Domariyaganj,भनवापुर
सिद्धार्थ नगर,303. Kapilvastu,जोगिया
सिद्धार्थ नगर,302. Shohratgarh,वर्डपुर
सिद्धार्थ नगर,303. Kapilvastu,नौगढ
सिद्धार्थ नगर,303. Kapilvastu,उसकाबाजार
सिद्धार्थ नगर,305. Itwa,इटवा
सिद्धार्थ नगर,305. Itwa,खुनियांव
सिद्धार्थ नगर,302. Shohratgarh,शोहरतगढ
सिद्धार्थ नगर,302. Shohratgarh,बढनी
सिद्धार्थ नगर,302. Shohratgarh,लोटन बाजार
सीतापुर,152. Sidhauli,सिधौली
सीतापुर,153. Mishrikh,मिश्रिख
सीतापुर,150. Sevata,रेउसा
सीतापुर,149. Biswan,सकरन
सीतापुर,151. Mahmoodabad,रामपुरमथुरा
सीतापुर,149. Biswan,बेहटा
सीतापुर,145. Maholi,ऐलिया
सीतापुर,147. Hargaon,हरगांव
सीतापुर,148. Laharpur,लहरपुर
सीतापुर,146. Sitapur,खैराबाद
सीतापुर,146. Sitapur,गोंदलामऊ
सीतापुर,149. Biswan,बिसवाँ
सीतापुर,153. Mishrikh,मछरेहटा
सीतापुर,149. Biswan,कसमण्डा
सीतापुर,151. Mahmoodabad,पहला
सीतापुर,151. Mahmoodabad,महमूदाबाद
सीतापुर,148. Laharpur,परसेंण्डी
सीतापुर,145. Maholi,महोली
सीतापुर,145. Maholi,पिसावाँ
सुलतानपुर,191. Kadipur,अखण्डनगर
सुलतानपुर,187. Isauli,बल्दीराय
सुलतानपुर,190. Lambhua,भदैंयाँ
सुलतानपुर,188. Sultanpur,धनपतगंज
सुलतानपुर,191. Kadipur,दोस्तपुर
सुलतानपुर,188. Sultanpur,दूबेपुर
सुलतानपुर,189. Sultanpur Sadar,जयसिंहपुर
सुलतानपुर,191. Kadipur,कादीपुर
सुलतानपुर,187. Isauli,कुड़वार
सुलतानपुर,189. Sultanpur Sadar,कूड़ेभार
सुलतानपुर,190. Lambhua,लम्भुआ
सुलतानपुर,190. Lambhua,प्रतापपुर कमैचा
सुलतानपुर,189. Sultanpur Sadar,मोतिगरपुर
सुलतानपुर,191. Kadipur,करौंदीकलाँ
सोनभद्र,401. Robertsganj,नगवाँ
सोनभद्र,403. Duddhi,वभनी
सोनभद्र,403. Duddhi,दुद्धी
सोनभद्र,402. Obra,चोपन
सोनभद्र,401. Robertsganj,राबट्रर्सगंज
सोनभद्र,400. Ghorawal,घोरावल
सोनभद्र,401. Robertsganj,चतरा
सोनभद्र,403. Duddhi,म्योरपुर
सोनभद्र,400. Ghorawal,करमा
सोनभद्र,401. Robertsganj,कोन
हमीरपुर,229. Rath,सरीला
हमीरपुर,229. Rath,राठ
हमीरपुर,228. Hamirpur,कुरारा
हमीरपुर,229. Rath,गोहाण्ड
हमीरपुर,228. Hamirpur,सुमेरपुर
हमीरपुर,228. Hamirpur,मौदहा
हमीरपुर,229. Rath,मुस्करा
हरदोई,161. Sandila,सण्डीला
हरदोई,158. Sandi,साण्डी
हरदोई,156. Hardoi,हरियावां
हरदोई,157. Gopamau,टडियावां
हरदोई,160. Balamau,कछौना
हरदोई,160. Balamau,कोथावॉं
हरदोई,159. Bilgram Mallanwan,बिलग्राम
हरदोई,155. Shahabad,शाहाबाद
हरदोई,155. Shahabad,टोडरपुर
हरदोई,159. Bilgram Mallanwan,माधौगंज
हरदोई,156. Hardoi,बावन
हरदोई,159. Bilgram Mallanwan,मल्लावाँ
हरदोई,158. Sandi,सुरसा
हरदोई,161. Sandila,भरावन
हरदोई,154. Sawayazpur,हरपालपुर
हरदोई,154. Sawayazpur,भरखनी
हरदोई,157. Gopamau,पिहानी
हरदोई,158. Sandi,अहिरोरी
हरदोई,160. Balamau,बेंहदर
हाथरस,78. Hathras,हाथरस
हाथरस,78. Hathras,सासनी
हाथरस,80. Sikandra Rao,सिकन्दराराऊ
हाथरस,79. Sadabad,मुरसान
हाथरस,80. Sikandra Rao,हसायन
हाथरस,79. Sadabad,सादाबाद
हाथरस,79. Sadabad,सहपऊ
हापुड़,59. Hapur,हापुड़
हापुड़,58. Dholana,धौलाना
हापुड़,60. Garhmukteshwar,सिम्भावली
हापुड़,60. Garhmukteshwar,गढमुक्तेश्वर