जिला,विधानसभा,नगर पंचायत
अमरोहा,41. Amroha,नगर पंचायत - 1-जोया
अमरोहा,42. Hasanpur,नगर पंचायत - 3-उझारी
अमरोहा,40. Naugawan Sadat,नगर पंचायत - 4-नौगावां सादात
अमरोहा,42. Hasanpur,नगर पंचायत - 5-सैदनगली
अमेठी,185. Gauriganj,नगर पंचायत - 3-मुसाफिरखाना
अमेठी,186. Amethi,नगर पंचायत - 4-अमेठी
अम्बेडकर नगर,278. Tanda,नगर पंचायत - 1-अशरफपुर किछौछा
अम्बेडकर नगर,278. Tanda,नगर पंचायत - 2-इल्तिफातगंज
अम्बेडकर नगर,279. Alapur,नगर पंचायत - 3-राजेसुल्तानपुर
अम्बेडकर नगर,279. Alapur,नगर पंचायत - 4-जहांगीरगंज
अयोध्या,276. Goshainganj,नगर पंचायत - 1-गोसाई गंज
अयोध्या,274. Bikapur,नगर पंचायत - 2-भरतकुण्ड भदरसा
अयोध्या,274. Bikapur,नगर पंचायत - 3-बीकापुर
अयोध्या,273. Milkipur,नगर पंचायत - 4-कुमार गंज
अयोध्या,274. Bikapur,नगर पंचायत - 5-खिरौनी सुचित्तागंज
अयोध्या,271. Rudauli,नगर पंचायत - 6-मॉ कामाख्या
अलीगढ़,74. Chharra,नगर पंचायत - 1-छर्रा
अलीगढ़,77. Iglas,नगर पंचायत - 2-बेसवां
अलीगढ़,77. Iglas,नगर पंचायत - 3-इगलास
अलीगढ़,71. Khair,नगर पंचायत - 4-जट्टारी
अलीगढ़,74. Chharra,नगर पंचायत - 5-कौडियागंज
अलीगढ़,74. Chharra,नगर पंचायत - 6-जलाली
अलीगढ़,74. Chharra,नगर पंचायत - 7-पिलखना
अलीगढ़,74. Chharra,नगर पंचायत - 8-विजयगढ
अलीगढ़,72. Barauli,नगर पंचायत - 9-हरदुआगंज
अलीगढ़,75. Koil,नगर पंचायत - 11-मडराक
अलीगढ़,72. Barauli,नगर पंचायत - 12-जवॉ सिकन्दरपुर
अलीगढ़,71. Khair,नगर पंचायत - 13-चण्डौस
अलीगढ़,71. Khair,नगर पंचायत - 14-पिसावा
अलीगढ़,72. Barauli,नगर पंचायत - 15-बरौली
अलीगढ़,72. Barauli,नगर पंचायत - 16-गभाना
आगरा,94. Bah,नगर पंचायत - 1-पिनाहट
आगरा,93. Fatehabad,नगर पंचायत - 2-फतेहाबाद
आगरा,91. Fatehpur Sikri,नगर पंचायत - 3-किरावली
आगरा,92. Kheragarh,नगर पंचायत - 4-खेरागढ
आगरा,92. Kheragarh,नगर पंचायत - 5-जगनेर
आगरा,89. Agra North,नगर पंचायत - 7-स्वामी बाग
आजमगढ़,348. Nizamabad,नगर पंचायत - 1-निजामाबाद
आजमगढ़,352. Mehnagar,नगर पंचायत - 3-मेहनगर
आजमगढ़,345. Sagri,नगर पंचायत - 4-अजमतगढ
आजमगढ़,345. Sagri,नगर पंचायत - 5-जीयनपुर
आजमगढ़,351. Lalganj,नगर पंचायत - 6-कटघर लालगंज
आजमगढ़,348. Nizamabad,नगर पंचायत - 7-सरायमीर
आजमगढ़,349. Phoolpur Pawai,नगर पंचायत - 8-फूलपुर
आजमगढ़,343. Atrauliya,नगर पंचायत - 9-अतरौलिया
आजमगढ़,344. Gopalpur,नगर पंचायत - 10-महराजगंज
आजमगढ़,349. Phoolpur Pawai,नगर पंचायत - 11-माहुल
आजमगढ़,346. Mubarakpur,नगर पंचायत - 12-बूढ़नपुर
आजमगढ़,346. Mubarakpur,नगर पंचायत - 13-जहानागंज बाजार
आजमगढ़,350. Didarganj,नगर पंचायत - 14-मॉर्टिनगंज
इटावा,200. Etawah,नगर पंचायत - 1-इकदिल
इटावा,201. Bharthana,नगर पंचायत - 2-बकेवर
इटावा,201. Bharthana,नगर पंचायत - 3-लखना
उन्नाव,163. Safipur,नगर पंचायत - 1-हैदराबाद
उन्नाव,162. Bangarmau,नगर पंचायत - 2-कुरसठ
उन्नाव,162. Bangarmau,नगर पंचायत - 3-फतेहपुर चौरासी
उन्नाव,166. Bhagwantnagar,नगर पंचायत - 4-भगवन्त नगर
उन्नाव,164. Mohan,नगर पंचायत - 5-मोहान
उन्नाव,163. Safipur,नगर पंचायत - 6-रसूलाबाद
उन्नाव,166. Bhagwantnagar,नगर पंचायत - 7-बीघापुर
उन्नाव,164. Mohan,नगर पंचायत - 8-न्योतनी
उन्नाव,164. Mohan,नगर पंचायत - 9-औरास
उन्नाव,162. Bangarmau,नगर पंचायत - 10-ऊगू
उन्नाव,164. Mohan,नगर पंचायत - 11-नवाबगंज
उन्नाव,162. Bangarmau,नगर पंचायत - 12-गंज मुरादाबाद
उन्नाव,167. Purwa,नगर पंचायत - 13-मौरावां
उन्नाव,163. Safipur,नगर पंचायत - 14-सफीपुर
उन्नाव,167. Purwa,नगर पंचायत - 15-पुरवा
उन्नाव,167. Purwa,नगर पंचायत - 16-अचलगंज
एटा,104. Etah,नगर पंचायत - 1-सकीट
एटा,103. Aliganj,नगर पंचायत - 2-राजा का रामपुर
एटा,106. Jalesar,नगर पंचायत - 3-अवागढ
एटा,104. Etah,नगर पंचायत - 4-जैथरा
एटा,105. Marhara,नगर पंचायत - 5-निधौली कलॉं
एटा,105. Marhara,नगर पंचायत - 6-मिरहची
औरैया,203. Dibiyapur,नगर पंचायत - 1-दिबियापुर
औरैया,203. Dibiyapur,नगर पंचायत - 2-फफूद
औरैया,204. Auraiya,नगर पंचायत - 3-अटसू
औरैया,204. Auraiya,नगर पंचायत - 4-बाबरपुर अजीतमल
औरैया,203. Dibiyapur,नगर पंचायत - 5-अछल्दा
औरैया,202. Bidhuna,नगर पंचायत - 6-बिधूना
कन्नौज,196. Chhibramau,नगर पंचायत - 1-तालग्राम
कन्नौज,197. Tirwa,नगर पंचायत - 2-सौरिख
कन्नौज,197. Tirwa,नगर पंचायत - 3-तिर्वागंज
कन्नौज,196. Chhibramau,नगर पंचायत - 4-सिकन्दरपुर
कन्नौज,198. Kannauj,नगर पंचायत - 5-समधन
कानपुर देहात,208. Bhognipur,नगर पंचायत - 1-अमरौधा
कानपुर देहात,207. Sikandra,नगर पंचायत - 2-सिकन्दरा
कानपुर देहात,206. Akbarpur Rania,नगर पंचायत - 3-शिवली
कानपुर देहात,206. Akbarpur Rania,नगर पंचायत - 4-रूरा
कानपुर देहात,206. Akbarpur Rania,नगर पंचायत - 5-अकबरपुर
कानपुर देहात,205. Rasulabad,नगर पंचायत - 7-रसूलाबाद
कानपुर देहात,207. Sikandra,नगर पंचायत - 8-डेरापुर
कानपुर देहात,206. Akbarpur Rania,नगर पंचायत - 9-रनियां
कानपुर देहात,208. Bhognipur,नगर पंचायत - 10-मूसानगर
कानपुर देहात,206. Akbarpur Rania,नगर पंचायत - 11-कंचौसी
कानपुर देहात,207. Sikandra,नगर पंचायत - 12-राजपुर
कानपुर नगर,210. Bithoor,नगर पंचायत - 1-बिठूर
कानपुर नगर,209. Bilhaur,नगर पंचायत - 2-शिवराज पुर
कासगंज,102. Patiyali,नगर पंचायत - 1-पटियाली
कासगंज,101. Amanpur,नगर पंचायत - 2-मोहनपुर
कासगंज,102. Patiyali,नगर पंचायत - 3-भरगैन
कासगंज,102. Patiyali,नगर पंचायत - 4-सिढपुरा
कासगंज,101. Amanpur,नगर पंचायत - 5-सहावर
कासगंज,102. Patiyali,नगर पंचायत - 7-अमॉपुर
कासगंज,100. Kasganj,नगर पंचायत - 12-विलराम
कुशीनगर,335. Ramkola,नगर पंचायत - 1-रामकोला
कुशीनगर,335. Ramkola,नगर पंचायत - 3-कप्तानगंज
कुशीनगर,329. Khadda,नगर पंचायत - 5-खडडा
कुशीनगर,331. Tamkuhi Raj,नगर पंचायत - 6-सेवरही
कुशीनगर,329. Khadda,नगर पंचायत - 7-छितौनी
कुशीनगर,332. Fazilnagar,नगर पंचायत - 8-दुदही
कुशीनगर,332. Fazilnagar,नगर पंचायत - 9-फाजिलनगर
कुशीनगर,334. Hata,नगर पंचायत - 10-सुकरौली
कुशीनगर,331. Tamkuhi Raj,नगर पंचायत - 11-तमकुहीराज
कुशीनगर,333. Kushinagar,नगर पंचायत - 12-मथौली
कौशाम्बी,253. Chayal,नगर पंचायत - 1-चायल
कौशाम्बी,253. Chayal,नगर पंचायत - 2-सराय आकिल
कौशाम्बी,253. Chayal,नगर पंचायत - 3-करारी
कौशाम्बी,251. Sirathu,नगर पंचायत - 4-अझुबा
कौशाम्बी,251. Sirathu,नगर पंचायत - 5-सिराथू
कौशाम्बी,251. Sirathu,नगर पंचायत - 6-दारा नगर कड़ाधाम
कौशाम्बी,253. Chayal,नगर पंचायत - 7-चरवा
कौशाम्बी,252. Manjhanpur,नगर पंचायत - 8-पूरब पश्चिम शरीरा
गाजियाबाद,54. Muradnagar,नगर पंचायत - 1-निवाडी
गाजियाबाद,54. Muradnagar,नगर पंचायत - 2-पतला
गाजियाबाद,54. Muradnagar,नगर पंचायत - 3-फरीदनगर
गाजियाबाद,58. Dholana,नगर पंचायत - 5-डासना
गाज़ीपुर,374. Saidpur,नगर पंचायत - 1-सैदपुर
गाज़ीपुर,373. Jakhanian,नगर पंचायत - 2-सादात
गाज़ीपुर,377. Zahoorabad,नगर पंचायत - 3-बहादुरगंज
गाज़ीपुर,376. Jangipur,नगर पंचायत - 4-जंगीपुर
गाज़ीपुर,379. Zamaniya,नगर पंचायत - 5-दिलदार नगर
गोंडा,297. Katra Bazar,नगर पंचायत - 2-कटरा
गोंडा,300. Mankapur,नगर पंचायत - 3-मनकापुर
गोंडा,295. Mehnaun,नगर पंचायत - 4-खरगूपुर
गोंडा,298. Colonelganj,नगर पंचायत - 5-परसपुर
गोंडा,295. Mehnaun,नगर पंचायत - 6-धानेपुर
गोंडा,299. Tarabganj,नगर पंचायत - 7-बेलसर
गोंडा,299. Tarabganj,नगर पंचायत - 8-तरबगंज
गोरखपुर,324. Sahajanwa,नगर पंचायत - 1-सहजनवां
गोरखपुर,327. Bansgaon,नगर पंचायत - 2-बांसगांव
गोरखपुर,326. Chauri Chaura,नगर पंचायत - 3-मुण्डेरा बाजार
गोरखपुर,320. Campiyarganj,नगर पंचायत - 4-पीपीगंज
गोरखपुर,321. Pipraich,नगर पंचायत - 5-पिपराइच
गोरखपुर,328. Chillupar,नगर पंचायत - 6-गोलाबाजार
गोरखपुर,328. Chillupar,नगर पंचायत - 7-बडहलगंज
गोरखपुर,324. Sahajanwa,नगर पंचायत - 8-कस्बा संग्रामपुर उर्फ उनवल
गोरखपुर,320. Campiyarganj,नगर पंचायत - 9-चौमुखा
गोरखपुर,328. Chillupar,नगर पंचायत - 10-उरूवॉ बाजार
गोरखपुर,324. Sahajanwa,नगर पंचायत - 11-घघसरा बाजार
गौतमबुद्ध नगर,62. Dadri,नगर पंचायत - 1-दनकौर
गौतमबुद्ध नगर,63. Jewar,नगर पंचायत - 3-बिलासपुर
गौतमबुद्ध नगर,63. Jewar,नगर पंचायत - 4-जेवर
गौतमबुद्ध नगर,62. Dadri,नगर पंचायत - 5-जहांगीरपुर
चन्दौली,383. Chakia,नगर पंचायत - 1-चकिया
चन्दौली,,नगर पंचायत - 2-सौयद राजा
चन्दौली,380. Mughalsarai,नगर पंचायत - 3-चन्दोली
चित्रकूट,237. Manikpur,नगर पंचायत - 1-मानिकपुर
चित्रकूट,237. Manikpur,नगर पंचायत - 2-राजापुर
चित्रकूट,236. Chitrakoot,नगर पंचायत - 3-मऊ
जालौन,219. Madhogarh,नगर पंचायत - 1-रामपुरा
जालौन,219. Madhogarh,नगर पंचायत - 2-माधौगढ
जालौन,219. Madhogarh,नगर पंचायत - 3-ऊमरी
जालौन,221. Orai,नगर पंचायत - 4-कोटरा
जालौन,220. Kalpi,नगर पंचायत - 5-कदौरा
जालौन,219. Madhogarh,नगर पंचायत - 6-नदीगांव
जालौन,221. Orai,नगर पंचायत - 7-एट
जौनपुर,370. Mariyahu,नगर पंचायत - 1-मड़ीयाहूं
जौनपुर,369. Machhlishahar,नगर पंचायत - 2-मछली शहर
जौनपुर,372. Kerakat,नगर पंचायत - 3-केराकत
जौनपुर,366. Jaunpur,नगर पंचायत - 4-खेतासराय
जौनपुर,371. Jafrabad,नगर पंचायत - 5-जफराबाद
जौनपुर,364. Badlapur,नगर पंचायत - 6-बदलापुर
जौनपुर,370. Mariyahu,नगर पंचायत - 7-रामपुर
जौनपुर,371. Jafrabad,नगर पंचायत - 8-कचगाँव
जौनपुर,366. Jaunpur,नगर पंचायत - 9-गौराबादशाहपुर
झांसी,225. Garautha,नगर पंचायत - 1-एरच
झांसी,222. Babina,नगर पंचायत - 2-बडागॉंव
झांसी,225. Garautha,नगर पंचायत - 3-टोडीफतेहपुर
झांसी,225. Garautha,नगर पंचायत - 4-मोंठ
झांसी,224. Mauranipur,नगर पंचायत - 5-कटेरा
झांसी,224. Mauranipur,नगर पंचायत - 6-रानीपुर
झांसी,225. Garautha,नगर पंचायत - 7-गरौठा
देवरिया,336. Rudrapur,नगर पंचायत - 1-रूद्रपुर
देवरिया,337. Deoria,नगर पंचायत - 2-गौरी बाजार
देवरिया,339. Rampur Karkhana,नगर पंचायत - 3-रामपुर कारखाना
देवरिया,340. Bhatpar Rani,नगर पंचायत - 4-भाटपार रानी
देवरिया,341. Salempur,नगर पंचायत - 5-सलेमपुर
देवरिया,341. Salempur,नगर पंचायत - 6-भटनी
देवरिया,341. Salempur,नगर पंचायत - 7-मझौलीराज
देवरिया,341. Salempur,नगर पंचायत - 8-लार
देवरिया,342. Barhaj,नगर पंचायत - 9-बरियारपुर
देवरिया,338. Pathardeva,नगर पंचायत - 10-पथरदेबा
देवरिया,337. Deoria,नगर पंचायत - 11-बैतालपुर
देवरिया,337. Deoria,नगर पंचायत - 12-तरकुलबा
देवरिया,340. Bhatpar Rani,नगर पंचायत - 13-हेतिमपुर
देवरिया,337. Deoria,नगर पंचायत - 14-मदनपुर
देवरिया,342. Barhaj,नगर पंचायत - 15-भलुअनी
पीलीभीत,127. Pilibhit,नगर पंचायत - 1-जहानाबाद
पीलीभीत,128. Barkhera,नगर पंचायत - 2-बरखेडा
पीलीभीत,130. Bisalpur,नगर पंचायत - 3-बिलसण्डा
पीलीभीत,129. Puranpur,नगर पंचायत - 4-कलीनगर
पीलीभीत,128. Barkhera,नगर पंचायत - 5-न्यूरिया हुसैनपुर
पीलीभीत,127. Pilibhit,नगर पंचायत - 6-गुलडिया भिंडारा
पीलीभीत,127. Pilibhit,नगर पंचायत - 7-पकड़िया नौगवां
प्रतापगढ़,249. Patti,नगर पंचायत - 1-पट्टी
प्रतापगढ़,246. Kunda,नगर पंचायत - 2-कुण्डा
प्रतापगढ़,246. Kunda,नगर पंचायत - 3-मानिकपुर
प्रतापगढ़,248. Pratapgarh,नगर पंचायत - 4-प्रतापगढ सिटी
प्रतापगढ़,248. Pratapgarh,नगर पंचायत - 5-अन्तू
प्रतापगढ़,248. Pratapgarh,नगर पंचायत - 6-कटरा मेदनीगंज
प्रतापगढ़,244. Rampur Khas,नगर पंचायत - 7-लालगंज
प्रतापगढ़,250. Raniganj,नगर पंचायत - 8-रानीगंज
प्रतापगढ़,249. Patti,नगर पंचायत - 9-ढकवा
प्रतापगढ़,249. Patti,नगर पंचायत - 10-रामगंज
प्रतापगढ़,248. Pratapgarh,नगर पंचायत - 11-कोहंडौर
प्रतापगढ़,250. Raniganj,नगर पंचायत - 12-सुवंशाबाजार
प्रतापगढ़,250. Raniganj,नगर पंचायत - 13-पृृथ्वीगंज
प्रतापगढ़,245. Babaganj,नगर पंचायत - 14-डेरवा बाजार
प्रतापगढ़,245. Babaganj,नगर पंचायत - 15-हीरागंज बाजार
प्रतापगढ़,247. Vishwanathganj,नगर पंचायत - 16-कटरा गुलाब सिंह
प्रतापगढ़,248. Pratapgarh,नगर पंचायत - 17-गडवारा बाजार
प्रतापगढ़,247. Vishwanathganj,नगर पंचायत - 18-मानधाता बाजार
प्रयागराज,259. Meja,नगर पंचायत - 1-सिरसा
प्रयागराज,254. Phaphamau,नगर पंचायत - 2-लाल गोपाल गंज
प्रयागराज,256. Phulpur,नगर पंचायत - 4-फूलपुर
प्रयागराज,264. Bara,नगर पंचायत - 5-शंकरगढ
प्रयागराज,265. Koraon,नगर पंचायत - 6-कोरॉंव
प्रयागराज,258. Handia,नगर पंचायत - 7-हन्डिया
प्रयागराज,259. Meja,नगर पंचायत - 8-भारतगंज
प्रयागराज,255. Soraon,नगर पंचायत - 9-मऊ आइमा
फतेहपुर,243. Khaga,नगर पंचायत - 1-खागा
फतेहपुर,241. Ayah Shah,नगर पंचायत - 2-बहुआ
फतेहपुर,240. Fatehpur,नगर पंचायत - 3-कोडा जहानाबाद
फतेहपुर,243. Khaga,नगर पंचायत - 4-किशुनपुर
फतेहपुर,242. Husainganj,नगर पंचायत - 5-हथगाम
फतेहपुर,241. Ayah Shah,नगर पंचायत - 6-असोथर
फतेहपुर,243. Khaga,नगर पंचायत - 7-कारीकान धाता
फतेहपुर,243. Khaga,नगर पंचायत - 8-खखरेरू
फर्रुखाबाद,195. Bhojpur,नगर पंचायत - 1-कमालगंज
फर्रुखाबाद,192. Kaimganj,नगर पंचायत - 2-शमशाबाद
फर्रुखाबाद,192. Kaimganj,नगर पंचायत - 3-कम्पिल
फर्रुखाबाद,195. Bhojpur,नगर पंचायत - 4-मोहम्मदाबाद
फर्रुखाबाद,193. Amritpur,नगर पंचायत - 5-नबावगंज
फर्रुखाबाद,195. Bhojpur,नगर पंचायत - 6-संकिसा बसन्तपुर
फर्रुखाबाद,195. Bhojpur,नगर पंचायत - 7-खिमसेपुर
फिरोज़ाबाद,96. Jasrana,नगर पंचायत - 1-जसराना
फिरोज़ाबाद,96. Jasrana,नगर पंचायत - 2-फरिहा
फिरोज़ाबाद,96. Jasrana,नगर पंचायत - 3-एका
फिरोज़ाबाद,98. Shikohabad,नगर पंचायत - 4-मक्खनपुर
बदायूं,114. Bilsi,नगर पंचायत - 1-कछला
बदायूं,117. Dataganj,नगर पंचायत - 2-उसहैत
बदायूं,112. Bisauli,नगर पंचायत - 5-मुडिया
बदायूं,116. Shekhupur,नगर पंचायत - 6-सखानूँ
बदायूं,113. Sahaswan,नगर पंचायत - 7-इस्लामनगर
बदायूं,115. Badaun,नगर पंचायत - 9-कुंवर गांव
बदायूं,117. Dataganj,नगर पंचायत - 10-उसाँवा
बदायूं,113. Sahaswan,नगर पंचायत - 12-रूदायन
बदायूं,115. Badaun,नगर पंचायत - 13-बजीरगंज
बदायूं,116. Shekhupur,नगर पंचायत - 14-गुलडिया
बदायूं,116. Shekhupur,नगर पंचायत - 15-सैदपुर
बदायूं,116. Shekhupur,नगर पंचायत - 16-अलापुर
बदायूं,114. Bilsi,नगर पंचायत - 17-फैजगंज
बदायूं,113. Sahaswan,नगर पंचायत - 18-दहगवॉ
बरेली,122. Faridpur,नगर पंचायत - 1-फरीदपुर
बरेली,119. Meerganj,नगर पंचायत - 2-शीशगढ
बरेली,120. Bhojipura,नगर पंचायत - 3-देवरनियाँ
बरेली,126. Aonla,नगर पंचायत - 4-सिरौली
बरेली,123. Bithari Chainpur,नगर पंचायत - 5-विशारतगंज
बरेली,119. Meerganj,नगर पंचायत - 6-शाही
बरेली,119. Meerganj,नगर पंचायत - 7-फतेहगंज पश्चिमी
बरेली,119. Meerganj,नगर पंचायत - 8-मीरगंज
बरेली,121. Nawabganj,नगर पंचायत - 9-सेंथल
बरेली,120. Bhojipura,नगर पंचायत - 10-धौराटांडा
बरेली,121. Nawabganj,नगर पंचायत - 11-रिठौरा
बरेली,123. Bithari Chainpur,नगर पंचायत - 12-ठिरिया निजावत खाँ
बरेली,122. Faridpur,नगर पंचायत - 13-फतेहगंज पूर्वी
बरेली,118. Baheri,नगर पंचायत - 14-शेरगढ
बरेली,120. Bhojipura,नगर पंचायत - 15-रिछा
बलरामपुर,291. Tulsipur,नगर पंचायत - 1-तुलसीपुर
बलरामपुर,292. Gainsari,नगर पंचायत - 2-पचपेडवा
बलरामपुर,292. Gainsari,नगर पंचायत - 3-गैंसड़ी
बलिया,360. Phephana,नगर पंचायत - 1-चितबडागांव
बलिया,357. Belthara Road,नगर पंचायत - 2-बिल्थरा रोड
बलिया,362. Bansdih,नगर पंचायत - 3-सहतवार
बलिया,362. Bansdih,नगर पंचायत - 4-रेवती
बलिया,362. Bansdih,नगर पंचायत - 5-मनियर
बलिया,362. Bansdih,नगर पंचायत - 6-बॉंसडीह
बलिया,359. Sikandarpur,नगर पंचायत - 7-सिकन्दरपुर
बलिया,363. Bairia,नगर पंचायत - 8-बैरिया
बलिया,360. Phephana,नगर पंचायत - 9-रतसड़ कलॉ
बलिया,357. Belthara Road,नगर पंचायत - 10-नगरा
बस्ती,307. Harraiya,नगर पंचायत - 1-बभनान बाजार
बस्ती,307. Harraiya,नगर पंचायत - 2-हरैया
बस्ती,311. Mahadewa,नगर पंचायत - 3-बनकटी
बस्ती,309. Rudhauli,नगर पंचायत - 4-रुधौली बाजार
बस्ती,308. Kaptanganj,नगर पंचायत - 5-कप्तानगंज
बस्ती,310. Basti Sadar,नगर पंचायत - 7-नगर
बस्ती,310. Basti Sadar,नगर पंचायत - 8-गनेशपुर
बस्ती,311. Mahadewa,नगर पंचायत - 9-गायघाट
बस्ती,310. Basti Sadar,नगर पंचायत - 10-मुण्डेरवा
बहराइच,284. Matera,नगर पंचायत - 1-रिसिया
बहराइच,288. Kaiserganj,नगर पंचायत - 2-जरवल
बहराइच,287. Payagpur,नगर पंचायत - 3-पयागपुर
बहराइच,288. Kaiserganj,नगर पंचायत - 4-कैसरगंज
बहराइच,283. Nanpara,नगर पंचायत - 5-रुपईडीहा
बहराइच,282. Balha,नगर पंचायत - 6-मिहीपुरवा
बांदा,232. Tindwari,नगर पंचायत - 1-मटौध
बांदा,232. Tindwari,नगर पंचायत - 2-तिन्दवारी
बांदा,233. Baberu,नगर पंचायत - 3-बबेरु
बांदा,234. Naraini,नगर पंचायत - 4-नरैनी
बांदा,234. Naraini,नगर पंचायत - 5-ओरन
बांदा,235. Banda,नगर पंचायत - 6-विसण्डा
बागपत,52. Baghpat,नगर पंचायत - 1-टटीरी
बागपत,50. Chhaprauli,नगर पंचायत - 2-छपरौली
बागपत,51. Baraut,नगर पंचायत - 3-दोघट
बागपत,51. Baraut,नगर पंचायत - 4-टीकरी
बागपत,52. Baghpat,नगर पंचायत - 6-अमीनगर सराय
बागपत,52. Baghpat,नगर पंचायत - 7-रटौल
बाराबंकी,269. Zaidpur,नगर पंचायत - 1-जैदपुर
बाराबंकी,268. Barabanki,नगर पंचायत - 2-देंवा
बाराबंकी,268. Barabanki,नगर पंचायत - 3-बंकी
बाराबंकी,269. Zaidpur,नगर पंचायत - 4-सतरिख
बाराबंकी,270. Dariyabad,नगर पंचायत - 5-टिकैतनगर
बाराबंकी,272. Haidergarh,नगर पंचायत - 6-हैदरगढ
बाराबंकी,270. Dariyabad,नगर पंचायत - 7-दरियाबाद
बाराबंकी,272. Haidergarh,नगर पंचायत - 8-सिद्धौर
बाराबंकी,266. Kursi,नगर पंचायत - 9-फतेहपुर
बाराबंकी,267. Ramnagar,नगर पंचायत - 10-रामनगर
बाराबंकी,272. Haidergarh,नगर पंचायत - 11-सुबेहा
बाराबंकी,266. Kursi,नगर पंचायत - 12-बेलहरा
बाराबंकी,270. Dariyabad,नगर पंचायत - 13-रामसनेहीघाट
बिजनौर,22. Bijnor,नगर पंचायत - 1-झालू
बिजनौर,22. Bijnor,नगर पंचायत - 2-मंडावर
बिजनौर,17. Najibabad,नगर पंचायत - 3-जलालाबाद
बिजनौर,19. Barhapur,नगर पंचायत - 4-बढापुर
बिजनौर,24. Noorpur,नगर पंचायत - 5-सहसपुर
बिजनौर,17. Najibabad,नगर पंचायत - 6-साहनपुर
बुलंदशहर,66. Siana,नगर पंचायत - 1-खानपुर
बुलंदशहर,69. Shikarpur,नगर पंचायत - 2-पहासू
बुलंदशहर,67. Anupshahr,नगर पंचायत - 3-औरंगाबाद
बुलंदशहर,68. Debai,नगर पंचायत - 4-नरौरा
बुलंदशहर,69. Shikarpur,नगर पंचायत - 5-छतारी
बुलंदशहर,66. Siana,नगर पंचायत - 6-बी. बी. नगर
बुलंदशहर,66. Siana,नगर पंचायत - 7-बुगरासी
बुलंदशहर,64. Sikandrabad,नगर पंचायत - 8-ककोड
भदोही,394. Aurai,नगर पंचायत - 1-घोसिया
भदोही,393. Gyanpur,नगर पंचायत - 2-ज्ञानपुर
भदोही,394. Aurai,नगर पंचायत - 3-खमरिया
भदोही,392. Bhadohi,नगर पंचायत - 4-नई बाजार भदोही
भदोही,392. Bhadohi,नगर पंचायत - 5-सुरियावां भदोही
मऊ,354. Ghosi,नगर पंचायत - 1-अदरी
मऊ,354. Ghosi,नगर पंचायत - 2-अमिला
मऊ,354. Ghosi,नगर पंचायत - 3-कोपागंज
मऊ,355. Muhammadabad Gohna,नगर पंचायत - 4-मुहम्मदाबाद गोहना
मऊ,354. Ghosi,नगर पंचायत - 5-घोसी
मऊ,353. Madhuban,नगर पंचायत - 6-दोहरी घाट
मऊ,354. Ghosi,नगर पंचायत - 7-वलीदपुर
मऊ,354. Ghosi,नगर पंचायत - 8-चिरैयाकोट
मऊ,353. Madhuban,नगर पंचायत - 9-मधुबन
मऊ,354. Ghosi,नगर पंचायत - 10-कुर्थीजाफरपुर
मथुरा,85. Baldev,नगर पंचायत - 1-राया
मथुरा,82. Mant,नगर पंचायत - 2-बाजना
मथुरा,81. Chhata,नगर पंचायत - 3-नन्दगॉंव
मथुरा,83. Govardhan,नगर पंचायत - 4-बरसाना
मथुरा,81. Chhata,नगर पंचायत - 5-छाता
मथुरा,81. Chhata,नगर पंचायत - 6-चौमुहॉं
मथुरा,85. Baldev,नगर पंचायत - 7-गोकुल
मथुरा,85. Baldev,नगर पंचायत - 8-बल्देव
मथुरा,85. Baldev,नगर पंचायत - 9-महावन
मथुरा,85. Baldev,नगर पंचायत - 10-फरह
मथुरा,83. Govardhan,नगर पंचायत - 11-सौंख
मथुरा,83. Govardhan,नगर पंचायत - 12-गोवर्धन
मथुरा,83. Govardhan,नगर पंचायत - 13-राधाकुण्ड
महराजगंज,315. Pharenda,नगर पंचायत - 2-आनंद नगर
महराजगंज,317. Siswa,नगर पंचायत - 3-निचलौल
महराजगंज,317. Siswa,नगर पंचायत - 4-घुघली
महराजगंज,316. Nautanwa,नगर पंचायत - 5-सोनौली
महराजगंज,319. Paniyara,नगर पंचायत - 6-पनियरा
महराजगंज,319. Paniyara,नगर पंचायत - 7-परतावल
महराजगंज,315. Pharenda,नगर पंचायत - 8-बृजमनगंज
महराजगंज,317. Siswa,नगर पंचायत - 9-चौक
महोबा,230. Mahoba,नगर पंचायत - 1-कबरई
महोबा,230. Mahoba,नगर पंचायत - 2-खरेला
महोबा,230. Mahoba,नगर पंचायत - 3-कुलपहाड
मीरजापुर,397. Majhawan,नगर पंचायत - 1-कछवा
मुज़फ्फरनगर,11. Budhana,नगर पंचायत - 1-शाहपुर
मुज़फ्फरनगर,13. Purqazi,नगर पंचायत - 4-पुरकाजी
मुज़फ्फरनगर,11. Budhana,नगर पंचायत - 5-सिसौली
मुज़फ्फरनगर,15. Khatauli,नगर पंचायत - 7-जानसठ
मुज़फ्फरनगर,16. Meerapur,नगर पंचायत - 11-भोकरहेडी
मुज़फ्फरनगर,12. Charthawal,नगर पंचायत - 12-चरथावल
मुज़फ्फरनगर,16. Meerapur,नगर पंचायत - 13-मीरापुर
मुज़फ्फरनगर,11. Budhana,नगर पंचायत - 15-बुढाना
मुरादाबाद,25. Kanth,नगर पंचायत - 2-उमरी कलां
मुरादाबाद,29. Kundarki,नगर पंचायत - 3-कुन्दरकी
मुरादाबाद,27. Moradabad Rural,नगर पंचायत - 4-भोजपुर धर्मपुर
मुरादाबाद,25. Kanth,नगर पंचायत - 6-कॉठ
मुरादाबाद,27. Moradabad Rural,नगर पंचायत - 7-अगवानपुर
मुरादाबाद,25. Kanth,नगर पंचायत - 8-पाकबड़ा
मुरादाबाद,26. Thakurdwara,नगर पंचायत - 9-ढकिया
मुरादाबाद,30. Bilari,नगर पंचायत - 10-महमूदपुर माफी
मेरठ,43. Siwalkhas,नगर पंचायत - 1-करनावल
मेरठ,45. Hastinapur,नगर पंचायत - 2-परीक्षितगढ
मेरठ,44. Sardhana,नगर पंचायत - 3-लावड
मेरठ,45. Hastinapur,नगर पंचायत - 4-हस्तिनापुर
मेरठ,43. Siwalkhas,नगर पंचायत - 5-सिवाल खास
मेरठ,45. Hastinapur,नगर पंचायत - 6-बहसूमा
मेरठ,46. Kithore,नगर पंचायत - 7-खरखौदा
मेरठ,44. Sardhana,नगर पंचायत - 8-दौराला
मेरठ,44. Sardhana,नगर पंचायत - 9-फलावदा
मेरठ,46. Kithore,नगर पंचायत - 10-किठौर
मेरठ,46. Kithore,नगर पंचायत - 11-शाहजहाँपुर
मेरठ,43. Siwalkhas,नगर पंचायत - 12-हर्रा
मेरठ,43. Siwalkhas,नगर पंचायत - 13-खिवाई
मैनपुरी,110. Karhal,नगर पंचायत - 1-घिरोर
मैनपुरी,107. Mainpuri,नगर पंचायत - 2-कुरावली
मैनपुरी,110. Karhal,नगर पंचायत - 3-करहल
मैनपुरी,107. Mainpuri,नगर पंचायत - 4-ज्योति खुडिया
मैनपुरी,109. Kishni,नगर पंचायत - 5-कुसमरा
मैनपुरी,108. Bhongaon,नगर पंचायत - 6-बेबर
मैनपुरी,108. Bhongaon,नगर पंचायत - 7-भोगॉंव
मैनपुरी,109. Kishni,नगर पंचायत - 8-किशनी
मैनपुरी,110. Karhal,नगर पंचायत - 9-बरनाहल
रामपुर,38. Milak,नगर पंचायत - 1-शाहाबाद
रामपुर,34. Suar,नगर पंचायत - 2-मसवासी
रामपुर,36. Bilaspur,नगर पंचायत - 3-कैमरी
रामपुर,38. Milak,नगर पंचायत - 4-सैफनी
रामपुर,34. Suar,नगर पंचायत - 5-नरपतनगर दूंदावाला
रामपुर,34. Suar,नगर पंचायत - 6-दढ़ियाल
रायबरेली,177. Bachrawan,नगर पंचायत - 2-बछरावाँ
रायबरेली,183. Unchahar,नगर पंचायत - 3-ऊॅचाहार
रायबरेली,181. Salon,नगर पंचायत - 4-नसीराबाद
रायबरेली,177. Bachrawan,नगर पंचायत - 5-महराजगंज
रायबरेली,182. Sareni,नगर पंचायत - 6-डलमऊ
रायबरेली,182. Sareni,नगर पंचायत - 7-लालगंज
रायबरेली,181. Salon,नगर पंचायत - 8-सलोन
रायबरेली,181. Salon,नगर पंचायत - 9-परशदेपुर
रायबरेली,177. Bachrawan,नगर पंचायत - 10-शिवगढ़
लखनऊ,169. Bakshi Ka Talab,नगर पंचायत - 1-इटौंजा
लखनऊ,168. Malihabad,नगर पंचायत - 2-काकोरी
लखनऊ,169. Bakshi Ka Talab,नगर पंचायत - 3-महोना
लखनऊ,176. Mohanlalganj,नगर पंचायत - 4-गोसाईगंज
लखनऊ,176. Mohanlalganj,नगर पंचायत - 5-अमेठी
लखनऊ,168. Malihabad,नगर पंचायत - 6-मलिहाबाद
लखनऊ,176. Mohanlalganj,नगर पंचायत - 7-नगराम
लखनऊ,169. Bakshi Ka Talab,नगर पंचायत - 8-बक्शी का तालाब
लखनऊ,176. Mohanlalganj,नगर पंचायत - 9-मोहनलालगंज
लखनऊ,170. Sarojini Nagar,नगर पंचायत - 10-बन्थरा
लखीमपुर खीरी,142. Lakhimpur,नगर पंचायत - 1-खीरी
लखीमपुर खीरी,138. Nighasan,नगर पंचायत - 2-सिंगाही भेडौरा
लखीमपुर खीरी,142. Lakhimpur,नगर पंचायत - 3-ओयल ढखवा
लखीमपुर खीरी,141. Dhaurahra,नगर पंचायत - 4-धौरहरा
लखीमपुर खीरी,139. Gola Gokrannath,नगर पंचायत - 5-मैलानी
लखीमपुर खीरी,144. Mohammadi,नगर पंचायत - 6-बरबर
लखीमपुर खीरी,138. Nighasan,नगर पंचायत - 7-निघासन
लखीमपुर खीरी,138. Nighasan,नगर पंचायत - 8-भीरा
ललितपुर,226. Lalitpur,नगर पंचायत - 1-तालबेहट
ललितपुर,227. Mehroni,नगर पंचायत - 2-महरौनी
ललितपुर,226. Lalitpur,नगर पंचायत - 3-पाली
वाराणसी,387. Rohaniya,नगर पंचायत - 1-गंगापुर
शामली,10. Shamli,नगर पंचायत - 2-एलम
शामली,9. Thana Bhawan,नगर पंचायत - 3-जलालाबाद
शामली,9. Thana Bhawan,नगर पंचायत - 6-ऊन
शामली,10. Shamli,नगर पंचायत - 8-गढीपुख्ता
शामली,10. Shamli,नगर पंचायत - 9-बनत
शामली,8. Kairana,नगर पंचायत - 10-झिंझाना
शामली,9. Thana Bhawan,नगर पंचायत - 14-थानाभवन
शाहजहांपुर,132. Jalalabad,नगर पंचायत - 2-अल्लहागंज
शाहजहांपुर,131. Katra,नगर पंचायत - 4-खुदागंज
शाहजहांपुर,136. Dadraul,नगर पंचायत - 5-कांट
शाहजहांपुर,131. Katra,नगर पंचायत - 6-कटरा
शाहजहांपुर,134. Powayan,नगर पंचायत - 7-खुटार
शाहजहांपुर,134. Powayan,नगर पंचायत - 8-बण्डा
शाहजहांपुर,133. Tilhar,नगर पंचायत - 9-निगोही
शाहजहांपुर,132. Jalalabad,नगर पंचायत - 10-कलान
श्रावस्ती,290. Shrawasti,नगर पंचायत - 2-इकौना
सन्त कबीर नगर,312. Menhdawal,नगर पंचायत - 1-मगहर
सन्त कबीर नगर,314. Dhanghata,नगर पंचायत - 2-हरिहरपुर
सन्त कबीर नगर,312. Menhdawal,नगर पंचायत - 3-मेंहदावल
सन्त कबीर नगर,312. Menhdawal,नगर पंचायत - 4-बाघ नगर उर्फ बखिरा
सन्त कबीर नगर,314. Dhanghata,नगर पंचायत - 5-हैंसर बाजार घनघटा
सन्त कबीर नगर,312. Menhdawal,नगर पंचायत - 6-बेलहर कला
सन्त कबीर नगर,312. Menhdawal,नगर पंचायत - 7-धर्मसिंहवा
सम्भल,33. Sambhal,नगर पंचायत - 4-सिरसी
सम्भल,31. Chandausi,नगर पंचायत - 5-नरौली
सम्भल,111. Gunnaur,नगर पंचायत - 6-गुन्नौर
सम्भल,111. Gunnaur,नगर पंचायत - 7-बबराला
सम्भल,31. Chandausi,नगर पंचायत - 8-गवां
सहारनपुर,7. Gangoh,नगर पंचायत - 1-अम्बेहटा पीर
सहारनपुर,7. Gangoh,नगर पंचायत - 2-नानौता
सहारनपुर,1. Behat,नगर पंचायत - 3-बेहट
सहारनपुर,1. Behat,नगर पंचायत - 4-सुल्तानपुर चिलकाना
सहारनपुर,7. Gangoh,नगर पंचायत - 5-तीतरों
सहारनपुर,6. Rampur Maniharan,नगर पंचायत - 6-रामपुर मनिहारान
सहारनपुर,1. Behat,नगर पंचायत - 7-छुटमलपुर
सिद्धार्थ नगर,302. Shohratgarh,नगर पंचायत - 1-शोहरतगढ
सिद्धार्थ नगर,302. Shohratgarh,नगर पंचायत - 2-बढनी बाजार
सिद्धार्थ नगर,306. Domariyaganj,नगर पंचायत - 3-डुमरियागंज
सिद्धार्थ नगर,303. Kapilvastu,नगर पंचायत - 4-उसका बाजार
सिद्धार्थ नगर,303. Kapilvastu,नगर पंचायत - 5-कपिलवस्तु
सिद्धार्थ नगर,305. Itwa,नगर पंचायत - 6-बिस्कोहर
सिद्धार्थ नगर,305. Itwa,नगर पंचायत - 7-इटवा
सिद्धार्थ नगर,306. Domariyaganj,नगर पंचायत - 8-भारत भारी
सिद्धार्थ नगर,306. Domariyaganj,नगर पंचायत - 9-बढ़नीचाफा
सीतापुर,147. Hargaon,नगर पंचायत - 1-हरगांव
सीतापुर,151. Mahmoodabad,नगर पंचायत - 2-पैतेपुर
सीतापुर,145. Maholi,नगर पंचायत - 3-महोली
सीतापुर,152. Sidhauli,नगर पंचायत - 4-सिधौली
सीतापुर,148. Laharpur,नगर पंचायत - 5-तम्बौर अहमदाबाद
सुलतानपुर,191. Kadipur,नगर पंचायत - 2-कादीपुर
सुलतानपुर,191. Kadipur,नगर पंचायत - 3-दोस्तपुर
सुलतानपुर,189. Sultanpur Sadar,नगर पंचायत - 4-कोईरीपुर
सुलतानपुर,190. Lambhua,नगर पंचायत - 5-लम्भुआ
सोनभद्र,401. Robertsganj,नगर पंचायत - 1-चुर्क - घूर्मा
सोनभद्र,402. Obra,नगर पंचायत - 2-चोपन
सोनभद्र,400. Ghorawal,नगर पंचायत - 3-घोरावल
सोनभद्र,402. Obra,नगर पंचायत - 4-ओबरा
सोनभद्र,403. Duddhi,नगर पंचायत - 5-दुद्धी
सोनभद्र,403. Duddhi,नगर पंचायत - 6-पिपरी
सोनभद्र,403. Duddhi,नगर पंचायत - 7-रेनुकूट
सोनभद्र,403. Duddhi,नगर पंचायत - 8-डाला बाजार
सोनभद्र,403. Duddhi,नगर पंचायत - 9-अनपरा
हमीरपुर,228. Hamirpur,नगर पंचायत - 1-कुरारा
हमीरपुर,228. Hamirpur,नगर पंचायत - 2-सुमेरपुर
हमीरपुर,229. Rath,नगर पंचायत - 3-गोहांड
हमीरपुर,229. Rath,नगर पंचायत - 4-सरीला
हरदोई,159. Bilgram Mallanwan,नगर पंचायत - 1-माधौगंज
हरदोई,154. Sawayazpur,नगर पंचायत - 2-कुरसठ
हरदोई,155. Shahabad,नगर पंचायत - 3-पाली
हरदोई,160. Balamau,नगर पंचायत - 4-बेनीगंज
हरदोई,157. Gopamau,नगर पंचायत - 5-गोपा मऊ
हरदोई,160. Balamau,नगर पंचायत - 6-कछौना पतसेनी
हाथरस,79. Sadabad,नगर पंचायत - 1-सादाबाद
हाथरस,78. Hathras,नगर पंचायत - 2-सासनी
हाथरस,79. Sadabad,नगर पंचायत - 3-मुरसान
हाथरस,80. Sikandra Rao,नगर पंचायत - 4-हसायन
हाथरस,79. Sadabad,नगर पंचायत - 5-सहपऊ
हाथरस,78. Hathras,नगर पंचायत - 6-मैंण्डू
हाथरस,80. Sikandra Rao,नगर पंचायत - 7-पुरदिल नगर
हापुड़,59. Hapur,नगर पंचायत - 4-बाबूगढ
इटावा,201. Bharthana,इकदिल
चन्दौली,,सौयद राजा
बलिया,362. Bansdih,मनियर
बाँदा,233. Baberu,बबेरु