जिला,नगर निगम,विधानसभा,वार्ड
अयोध्या,नगर निगम - 2-अयोध्या,275. Ayodhya,1-अभिरामदास
अयोध्या,नगर निगम - 2-अयोध्या,275. Ayodhya,2-पुरूषोत्‍तम नगर
अयोध्या,नगर निगम - 2-अयोध्या,275. Ayodhya,3-झलकारी बाई
अयोध्या,नगर निगम - 2-अयोध्या,275. Ayodhya,4-दर्शन नगर
अयोध्या,नगर निगम - 2-अयोध्या,275. Ayodhya,5-अवैद्यनाथ
अयोध्या,नगर निगम - 2-अयोध्या,275. Ayodhya,6-श्‍यामा प्रसाद मुखर्जी
अयोध्या,नगर निगम - 2-अयोध्या,275. Ayodhya,7-चौधरी चरण सिंह
अयोध्या,नगर निगम - 2-अयोध्या,275. Ayodhya,8-कौशलपुरी
अयोध्या,नगर निगम - 2-अयोध्या,275. Ayodhya,9-शिवनगर
अयोध्या,नगर निगम - 2-अयोध्या,275. Ayodhya,10-लाला लाजपत राय नगर
अयोध्या,नगर निगम - 2-अयोध्या,275. Ayodhya,11-कृष्णानगर
अयोध्या,नगर निगम - 2-अयोध्या,275. Ayodhya,12-परंमहंस रामचन्‍द्र दाास
अयोध्या,नगर निगम - 2-अयोध्या,275. Ayodhya,13-आचार्य नरेन्‍द्रदेव
अयोध्या,नगर निगम - 2-अयोध्या,275. Ayodhya,14-कर्पुरी ठाकुर
अयोध्या,नगर निगम - 2-अयोध्या,275. Ayodhya,15-सावरकर नगर
अयोध्या,नगर निगम - 2-अयोध्या,275. Ayodhya,16-महाराणा प्रताप
अयोध्या,नगर निगम - 2-अयोध्या,275. Ayodhya,17-पं0 दीनदयाल नगर
अयोध्या,नगर निगम - 2-अयोध्या,275. Ayodhya,18-वशिष्‍ठ कुण्‍ड
अयोध्या,नगर निगम - 2-अयोध्या,275. Ayodhya,19-सीताकुण्‍ड
अयोध्या,नगर निगम - 2-अयोध्या,275. Ayodhya,20-संत रविदास नगर
अयोध्या,नगर निगम - 2-अयोध्या,275. Ayodhya,21-हनुमान कुण्‍ड
अयोध्या,नगर निगम - 2-अयोध्या,275. Ayodhya,22-सरदार भगत सिंह
अयोध्या,नगर निगम - 2-अयोध्या,275. Ayodhya,23-सरदार पटेल नगर
अयोध्या,नगर निगम - 2-अयोध्या,275. Ayodhya,24-चित्रगुप्‍त नगर
अयोध्या,नगर निगम - 2-अयोध्या,275. Ayodhya,25-अटल नगर
अयोध्या,नगर निगम - 2-अयोध्या,275. Ayodhya,26-जनौरा
अयोध्या,नगर निगम - 2-अयोध्या,275. Ayodhya,27-हनुमत नगर
अयोध्या,नगर निगम - 2-अयोध्या,275. Ayodhya,28-अश्‍वनी पुरम
अयोध्या,नगर निगम - 2-अयोध्या,275. Ayodhya,29-अश्‍फाक उल्‍ला खां
अयोध्या,नगर निगम - 2-अयोध्या,275. Ayodhya,30-दशरथ कुण्‍ड
अयोध्या,नगर निगम - 2-अयोध्या,275. Ayodhya,31-देवकाली
अयोध्या,नगर निगम - 2-अयोध्या,275. Ayodhya,32-कबीर नगर
अयोध्या,नगर निगम - 2-अयोध्या,275. Ayodhya,33-साकेत नगर
अयोध्या,नगर निगम - 2-अयोध्या,275. Ayodhya,34-निषादराज नगर
अयोध्या,नगर निगम - 2-अयोध्या,275. Ayodhya,35-अम्‍बेडकर नगर
अयोध्या,नगर निगम - 2-अयोध्या,275. Ayodhya,36-अवधपुरी
अयोध्या,नगर निगम - 2-अयोध्या,275. Ayodhya,37-कल्‍याण सिंह
अयोध्या,नगर निगम - 2-अयोध्या,275. Ayodhya,38-बडी देवकाली
अयोध्या,नगर निगम - 2-अयोध्या,275. Ayodhya,39-अमानीगंज
अयोध्या,नगर निगम - 2-अयोध्या,275. Ayodhya,40-महात्मागांधी
अयोध्या,नगर निगम - 2-अयोध्या,275. Ayodhya,41-राम मनोहर लोहिया
अयोध्या,नगर निगम - 2-अयोध्या,275. Ayodhya,42-विक्रमादित्‍य नगर
अयोध्या,नगर निगम - 2-अयोध्या,275. Ayodhya,43-शहीद अब्‍दुल हमीद
अयोध्या,नगर निगम - 2-अयोध्या,275. Ayodhya,44-जय प्रकाश नारायण
अयोध्या,नगर निगम - 2-अयोध्या,275. Ayodhya,45-राम कोट
अयोध्या,नगर निगम - 2-अयोध्या,275. Ayodhya,46-पाटेश्‍वरी नगर
अयोध्या,नगर निगम - 2-अयोध्या,275. Ayodhya,47-झारखण्‍डी
अयोध्या,नगर निगम - 2-अयोध्या,275. Ayodhya,48-लक्षमी सागर नगर
अयोध्या,नगर निगम - 2-अयोध्या,275. Ayodhya,49-मगंल पाण्‍डेय
अयोध्या,नगर निगम - 2-अयोध्या,275. Ayodhya,50-शिवाजी नगर
अयोध्या,नगर निगम - 2-अयोध्या,275. Ayodhya,51-अशोकसिंधल नगर
अयोध्या,नगर निगम - 2-अयोध्या,275. Ayodhya,52-लक्ष्‍मण घाट
अयोध्या,नगर निगम - 2-अयोध्या,275. Ayodhya,53-चन्‍द्र शेखर नगर
अयोध्या,नगर निगम - 2-अयोध्या,275. Ayodhya,54-अग्रसेन नगर
अयोध्या,नगर निगम - 2-अयोध्या,275. Ayodhya,55-मणिरामदास छावनी
अयोध्या,नगर निगम - 2-अयोध्या,275. Ayodhya,56-सुभाष चन्‍द्र बोस
अयोध्या,नगर निगम - 2-अयोध्या,275. Ayodhya,57-चन्‍द्र गुप्‍त नगर
अयोध्या,नगर निगम - 2-अयोध्या,275. Ayodhya,58-नानकपुरा
अयोध्या,नगर निगम - 2-अयोध्या,275. Ayodhya,59-झूले लाल नगर
अयोध्या,नगर निगम - 2-अयोध्या,275. Ayodhya,59-झूले लाल नगर
अयोध्या,नगर निगम - 2-अयोध्या,275. Ayodhya,60-स्‍वामी विवेका नन्‍द
अलीगढ़,नगर निगम - 1-अलीगढ,74. Chharra,1-नगला मानसिंह
अलीगढ़,नगर निगम - 1-अलीगढ,76. Aligarh,2-नगला कलार
अलीगढ़,नगर निगम - 1-अलीगढ,76. Aligarh,3-पला साहिबाबाद
अलीगढ़,नगर निगम - 1-अलीगढ,76. Aligarh,4-सराय गढी
अलीगढ़,नगर निगम - 1-अलीगढ,76. Aligarh,5-सिधौली
अलीगढ़,नगर निगम - 1-अलीगढ,76. Aligarh,6-सराय कावा
अलीगढ़,नगर निगम - 1-अलीगढ,76. Aligarh,7-नगला पला
अलीगढ़,नगर निगम - 1-अलीगढ,76. Aligarh,8-सराय लवरिया
अलीगढ़,नगर निगम - 1-अलीगढ,75. Koil,9-नौरंगाबाद
अलीगढ़,नगर निगम - 1-अलीगढ,76. Aligarh,10-सराय दीनदयाल
अलीगढ़,नगर निगम - 1-अलीगढ,76. Aligarh,11-इन्द्रा नगर खैर रोड
अलीगढ़,नगर निगम - 1-अलीगढ,75. Koil,12-बौद्व बिहार
अलीगढ़,नगर निगम - 1-अलीगढ,76. Aligarh,13-नौनेर गेट
अलीगढ़,नगर निगम - 1-अलीगढ,76. Aligarh,14-सुरक्षा बिहार
अलीगढ़,नगर निगम - 1-अलीगढ,76. Aligarh,15-नगला मसानी
अलीगढ़,नगर निगम - 1-अलीगढ,75. Koil,16-सराय हरनारायण
अलीगढ़,नगर निगम - 1-अलीगढ,76. Aligarh,19-नगला मौलवी
अलीगढ़,नगर निगम - 1-अलीगढ,76. Aligarh,20-सराय पक्की
अलीगढ़,नगर निगम - 1-अलीगढ,76. Aligarh,21-सनीचरी पौंठ
अलीगढ़,नगर निगम - 1-अलीगढ,76. Aligarh,22-डोरी नगर
अलीगढ़,नगर निगम - 1-अलीगढ,75. Koil,23-बढौली फतेह खॉ
अलीगढ़,नगर निगम - 1-अलीगढ,75. Koil,24-दैवसेनी
अलीगढ़,नगर निगम - 1-अलीगढ,75. Koil,25-क्वार्सी
अलीगढ़,नगर निगम - 1-अलीगढ,76. Aligarh,26-फायर बिग्रेड
अलीगढ़,नगर निगम - 1-अलीगढ,76. Aligarh,27-ब्रहमनपुरी
अलीगढ़,नगर निगम - 1-अलीगढ,76. Aligarh,28-गम्भीरपुरा
अलीगढ़,नगर निगम - 1-अलीगढ,76. Aligarh,29-देहली गेट
अलीगढ़,नगर निगम - 1-अलीगढ,76. Aligarh,30-रिसाल सिंह नगर
अलीगढ़,नगर निगम - 1-अलीगढ,76. Aligarh,31-नई बस्ती
अलीगढ़,नगर निगम - 1-अलीगढ,72. Barauli,32-एलमपुर
अलीगढ़,नगर निगम - 1-अलीगढ,75. Koil,33-किशनपुर
अलीगढ़,नगर निगम - 1-अलीगढ,75. Koil,34-ज्वालाजी पुरम
अलीगढ़,नगर निगम - 1-अलीगढ,75. Koil,35-महफूज नगर
अलीगढ़,नगर निगम - 1-अलीगढ,75. Koil,36-धनीपुर
अलीगढ़,नगर निगम - 1-अलीगढ,75. Koil,38-चन्दनिया
अलीगढ़,नगर निगम - 1-अलीगढ,76. Aligarh,39-काला महल
अलीगढ़,नगर निगम - 1-अलीगढ,72. Barauli,40-सॉई बिहार कालोनी
अलीगढ़,नगर निगम - 1-अलीगढ,75. Koil,41-असदपुर क्याम
अलीगढ़,नगर निगम - 1-अलीगढ,76. Aligarh,42-रसलगंज
अलीगढ़,नगर निगम - 1-अलीगढ,76. Aligarh,43-आवास विकास कालोनी इगलास रोड
अलीगढ़,नगर निगम - 1-अलीगढ,76. Aligarh,44-मकदूमनगर
अलीगढ़,नगर निगम - 1-अलीगढ,76. Aligarh,45-भमोला
अलीगढ़,नगर निगम - 1-अलीगढ,76. Aligarh,46-बदरबाग
अलीगढ़,नगर निगम - 1-अलीगढ,76. Aligarh,47-नगला आंशिक अली
अलीगढ़,नगर निगम - 1-अलीगढ,76. Aligarh,48-भगवान गढी
अलीगढ़,नगर निगम - 1-अलीगढ,76. Aligarh,49-बेगपुर
अलीगढ़,नगर निगम - 1-अलीगढ,76. Aligarh,50-विकास नगर ए डी ए कोलोनी
अलीगढ़,नगर निगम - 1-अलीगढ,76. Aligarh,51-मावूद नगर
अलीगढ़,नगर निगम - 1-अलीगढ,76. Aligarh,52-दोदपुर
अलीगढ़,नगर निगम - 1-अलीगढ,75. Koil,53-रामबाग कॉलोनी
अलीगढ़,नगर निगम - 1-अलीगढ,76. Aligarh,54-बरौला जाफराबाद
अलीगढ़,नगर निगम - 1-अलीगढ,76. Aligarh,55-जौहरा बाग
अलीगढ़,नगर निगम - 1-अलीगढ,76. Aligarh,56-शिवपुरी
अलीगढ़,नगर निगम - 1-अलीगढ,75. Koil,57-संजयगांधी कॉलोनी
अलीगढ़,नगर निगम - 1-अलीगढ,76. Aligarh,59-जमालपुर
अलीगढ़,नगर निगम - 1-अलीगढ,76. Aligarh,60-गांधी नगर
अलीगढ़,नगर निगम - 1-अलीगढ,76. Aligarh,61-जाकिर नगर
अलीगढ़,नगर निगम - 1-अलीगढ,76. Aligarh,62-कुंवर नगर
अलीगढ़,नगर निगम - 1-अलीगढ,76. Aligarh,63-मलखान नगर
अलीगढ़,नगर निगम - 1-अलीगढ,76. Aligarh,64-फिरदौस नगर
अलीगढ़,नगर निगम - 1-अलीगढ,76. Aligarh,65-मौलाना आजाद नगर
अलीगढ़,नगर निगम - 1-अलीगढ,76. Aligarh,66-ए0डी0ए0 कॉलोनी शान्ति निकेतन
अलीगढ़,नगर निगम - 1-अलीगढ,76. Aligarh,67-नगला तिकोना
अलीगढ़,नगर निगम - 1-अलीगढ,76. Aligarh,68-उस्मान पाडा
अलीगढ़,नगर निगम - 1-अलीगढ,76. Aligarh,69-अशोक नगर
अलीगढ़,नगर निगम - 1-अलीगढ,76. Aligarh,70-धौर्रामाफी
अलीगढ़,नगर निगम - 1-अलीगढ,76. Aligarh,71-टनटनपाडा
अलीगढ़,नगर निगम - 1-अलीगढ,76. Aligarh,72-सासनी गेट
अलीगढ़,नगर निगम - 1-अलीगढ,76. Aligarh,73-नगला जमालपुर
अलीगढ़,नगर निगम - 1-अलीगढ,76. Aligarh,74-केला नगर
अलीगढ़,नगर निगम - 1-अलीगढ,76. Aligarh,75-मेडिकल कॉलौनी
अलीगढ़,नगर निगम - 1-अलीगढ,76. Aligarh,77-शाहजमाल
अलीगढ़,नगर निगम - 1-अलीगढ,76. Aligarh,78-मानिक चौक
अलीगढ़,नगर निगम - 1-अलीगढ,76. Aligarh,79-कबीर कालौनी
अलीगढ़,नगर निगम - 1-अलीगढ,76. Aligarh,80-हमदर्द नगर
अलीगढ़,नगर निगम - 1-अलीगढ,76. Aligarh,81-सर सैययद नगर
अलीगढ़,नगर निगम - 1-अलीगढ,76. Aligarh,82-सुदामापुरी
अलीगढ़,नगर निगम - 1-अलीगढ,76. Aligarh,83-रोरावर
अलीगढ़,नगर निगम - 1-अलीगढ,76. Aligarh,84-भुजपुरा
अलीगढ़,नगर निगम - 1-अलीगढ,76. Aligarh,85-बादाम नगर
अलीगढ़,नगर निगम - 1-अलीगढ,76. Aligarh,86-सुपर कालौनी
अलीगढ़,नगर निगम - 1-अलीगढ,76. Aligarh,87-बनिया पाडा
अलीगढ़,नगर निगम - 1-अलीगढ,76. Aligarh,88-जीवनगढ
अलीगढ़,नगर निगम - 1-अलीगढ,76. Aligarh,89-तेलीपाडा
अलीगढ़,नगर निगम - 1-अलीगढ,76. Aligarh,90-नगला पटवारी
आगरा,नगर निगम - 1-आगरा,87. Agra Cantt,1-काजीपाडा
आगरा,नगर निगम - 1-आगरा,87. Agra Cantt,2-गुम्मट तख्त पहलवान
आगरा,नगर निगम - 1-आगरा,88. Agra South,3-जगदीशपुरा पश्चिमी
आगरा,नगर निगम - 1-आगरा,87. Agra Cantt,4-सेवला जाट
आगरा,नगर निगम - 1-आगरा,87. Agra Cantt,5-हिमाचल कॉलोनी
आगरा,नगर निगम - 1-आगरा,88. Agra South,6-घास की मण्डी
आगरा,नगर निगम - 1-आगरा,89. Agra North,7-जगदीशपुरा पूर्वी
आगरा,नगर निगम - 1-आगरा,89. Agra North,8-खतौना
आगरा,नगर निगम - 1-आगरा,87. Agra Cantt,9-ईदगाह
आगरा,नगर निगम - 1-आगरा,88. Agra South,10-चारसू दरवाजा
आगरा,नगर निगम - 1-आगरा,88. Agra South,11-नगला मोहन
आगरा,नगर निगम - 1-आगरा,89. Agra North,12-नगला हरमुख
आगरा,नगर निगम - 1-आगरा,89. Agra North,13-कछपुरा
आगरा,नगर निगम - 1-आगरा,88. Agra South,14-सराय मलूक चन्द
आगरा,नगर निगम - 1-आगरा,87. Agra Cantt,15-ढोलीखार
आगरा,नगर निगम - 1-आगरा,89. Agra North,16-रतनपुरा
आगरा,नगर निगम - 1-आगरा,88. Agra South,17-राज नगर
आगरा,नगर निगम - 1-आगरा,88. Agra South,18-रामनगर
आगरा,नगर निगम - 1-आगरा,87. Agra Cantt,19-बुन्दू कटरा
आगरा,नगर निगम - 1-आगरा,88. Agra South,20-फ्रीगंज
आगरा,नगर निगम - 1-आगरा,87. Agra Cantt,21-बारह खम्भा
आगरा,नगर निगम - 1-आगरा,87. Agra Cantt,22-सौहल्ला
आगरा,नगर निगम - 1-आगरा,88. Agra South,23-महादेव नगर
आगरा,नगर निगम - 1-आगरा,87. Agra Cantt,24-मोहनपुरा
आगरा,नगर निगम - 1-आगरा,88. Agra South,25-गढी भदौरिया
आगरा,नगर निगम - 1-आगरा,88. Agra South,26-भोगीपुरा
आगरा,नगर निगम - 1-आगरा,88. Agra South,27-बाग मुजफफर खॉ
आगरा,नगर निगम - 1-आगरा,89. Agra North,28-जागेश्वर नगर
आगरा,नगर निगम - 1-आगरा,87. Agra Cantt,29-धांधूपुरा
आगरा,नगर निगम - 1-आगरा,88. Agra South,30-केदार नगर
आगरा,नगर निगम - 1-आगरा,88. Agra South,31-अजीत नगर
आगरा,नगर निगम - 1-आगरा,86. Etmadpur,32-नाई की सराय
आगरा,नगर निगम - 1-आगरा,89. Agra North,33-खंदारी
आगरा,नगर निगम - 1-आगरा,89. Agra North,34-लायर्स कालोनी
आगरा,नगर निगम - 1-आगरा,88. Agra South,35-डेरा सरस
आगरा,नगर निगम - 1-आगरा,87. Agra Cantt,36-मुस्तफा क्वार्टर
आगरा,नगर निगम - 1-आगरा,89. Agra North,37-नगला अजीता
आगरा,नगर निगम - 1-आगरा,89. Agra North,38-गैलाना
आगरा,नगर निगम - 1-आगरा,87. Agra Cantt,39-नामनेर
आगरा,नगर निगम - 1-आगरा,89. Agra North,40-आजम पाडा
आगरा,नगर निगम - 1-आगरा,87. Agra Cantt,41-बालूगंज
आगरा,नगर निगम - 1-आगरा,89. Agra North,42-राहुल नगर
आगरा,नगर निगम - 1-आगरा,86. Etmadpur,43-भगवती बाग
आगरा,नगर निगम - 1-आगरा,87. Agra Cantt,44-घटवासन
आगरा,नगर निगम - 1-आगरा,87. Agra Cantt,45-कटरा फुलेल
आगरा,नगर निगम - 1-आगरा,89. Agra North,46-अशोक नगर
आगरा,नगर निगम - 1-आगरा,89. Agra North,47-आवास विकास पूर्वी
आगरा,नगर निगम - 1-आगरा,88. Agra South,48-घटिया आजम खां
आगरा,नगर निगम - 1-आगरा,88. Agra South,49-नरीपुरा
आगरा,नगर निगम - 1-आगरा,86. Etmadpur,50-सीता नगर
आगरा,नगर निगम - 1-आगरा,89. Agra North,51-देवनगर
आगरा,नगर निगम - 1-आगरा,87. Agra Cantt,52-मंटोला
आगरा,नगर निगम - 1-आगरा,86. Etmadpur,53-ट्रांस यमुना
आगरा,नगर निगम - 1-आगरा,86. Etmadpur,55-शाहदरा
आगरा,नगर निगम - 1-आगरा,88. Agra South,56-लोहिया नगर
आगरा,नगर निगम - 1-आगरा,88. Agra South,57-उखर्रा
आगरा,नगर निगम - 1-आगरा,86. Etmadpur,58-नरायच पश्चिमी
आगरा,नगर निगम - 1-आगरा,87. Agra Cantt,59-नगला मेवाती
आगरा,नगर निगम - 1-आगरा,86. Etmadpur,60-नारायच पूर्व
आगरा,नगर निगम - 1-आगरा,87. Agra Cantt,61-ख्वासपुरा
आगरा,नगर निगम - 1-आगरा,89. Agra North,62-सरला बाग
आगरा,नगर निगम - 1-आगरा,88. Agra South,63-तेलीपाडा
आगरा,नगर निगम - 1-आगरा,87. Agra Cantt,64-चावली
आगरा,नगर निगम - 1-आगरा,88. Agra South,65-बेलन गंज
आगरा,नगर निगम - 1-आगरा,86. Etmadpur,66-यमुनापार प्रकाशनगर
आगरा,नगर निगम - 1-आगरा,86. Etmadpur,67-नवल गंज
आगरा,नगर निगम - 1-आगरा,88. Agra South,68-नूरी दरवाजा
आगरा,नगर निगम - 1-आगरा,89. Agra North,69-आवास विकास दक्षिणी
आगरा,नगर निगम - 1-आगरा,86. Etmadpur,70-ताल फिरोज खां
आगरा,नगर निगम - 1-आगरा,89. Agra North,71-दहतोरा
आगरा,नगर निगम - 1-आगरा,89. Agra North,72-नगला पदी
आगरा,नगर निगम - 1-आगरा,87. Agra Cantt,73-अलबतिया
आगरा,नगर निगम - 1-आगरा,87. Agra Cantt,74-सिकन्दरा
आगरा,नगर निगम - 1-आगरा,89. Agra North,75-आवास विकास पश्चिमी
आगरा,नगर निगम - 1-आगरा,88. Agra South,76-धाकरान
आगरा,नगर निगम - 1-आगरा,87. Agra Cantt,77-शहीदनगर
आगरा,नगर निगम - 1-आगरा,88. Agra South,78-मोतीगंज
आगरा,नगर निगम - 1-आगरा,89. Agra North,79-जटपुरा
आगरा,नगर निगम - 1-आगरा,89. Agra North,80-कमला नगर ब्लाक एबीसीडी
आगरा,नगर निगम - 1-आगरा,89. Agra North,81-भीमनगर
आगरा,नगर निगम - 1-आगरा,86. Etmadpur,82-टेढी बगिया
आगरा,नगर निगम - 1-आगरा,88. Agra South,83-राजमण्डी
आगरा,नगर निगम - 1-आगरा,89. Agra North,84-कावेरी कुंज
आगरा,नगर निगम - 1-आगरा,88. Agra South,85-खातीपाडा
आगरा,नगर निगम - 1-आगरा,88. Agra South,86-विजय नगर कालोनी
आगरा,नगर निगम - 1-आगरा,89. Agra North,87-भूड का बाग कमला नगर एक्सटेंशन
आगरा,नगर निगम - 1-आगरा,89. Agra North,88-के0 के0 नगर
आगरा,नगर निगम - 1-आगरा,87. Agra Cantt,89-हरजूपुरा
आगरा,नगर निगम - 1-आगरा,89. Agra North,90-राममोहन नगर
आगरा,नगर निगम - 1-आगरा,89. Agra North,91-बलकेश्वर
आगरा,नगर निगम - 1-आगरा,88. Agra South,92-रावतपाडा
आगरा,नगर निगम - 1-आगरा,89. Agra North,93-वजीरपुरा
आगरा,नगर निगम - 1-आगरा,88. Agra South,95-बाग फरजाना
आगरा,नगर निगम - 1-आगरा,88. Agra South,96-धनकोट फव्वारा
आगरा,नगर निगम - 1-आगरा,87. Agra Cantt,97-गोबर चौकी
आगरा,नगर निगम - 1-आगरा,87. Agra Cantt,98-विभव नगर
आगरा,नगर निगम - 1-आगरा,88. Agra South,99-पीपल मंडी
आगरा,नगर निगम - 1-आगरा,88. Agra South,100-नाई की मण्डी
कानपुर नगर,नगर निगम - 1-कानपुर,214. Arya Nagar,1-लक्ष्मीपुरवा
कानपुर नगर,नगर निगम - 1-कानपुर,212. Govind Nagar,2-गोविन्द नगर हरिजन बस्ती
कानपुर नगर,नगर निगम - 1-कानपुर,214. Arya Nagar,3-चुन्नीगंज
कानपुर नगर,नगर निगम - 1-कानपुर,213. Sisamau,4-ग्वालटोली
कानपुर नगर,नगर निगम - 1-कानपुर,213. Sisamau,5-जवाहर नगर
कानपुर नगर,नगर निगम - 1-कानपुर,213. Sisamau,6-भन्नानापुरवा
कानपुर नगर,नगर निगम - 1-कानपुर,215. Kidwai Nagar,7-निराला नगर
कानपुर नगर,नगर निगम - 1-कानपुर,212. Govind Nagar,8-मसवानपुर
कानपुर नगर,नगर निगम - 1-कानपुर,212. Govind Nagar,9-रविदास पुरम
कानपुर नगर,नगर निगम - 1-कानपुर,213. Sisamau,10-बेनाझावर
कानपुर नगर,नगर निगम - 1-कानपुर,212. Govind Nagar,11-सफीपुर
कानपुर नगर,नगर निगम - 1-कानपुर,212. Govind Nagar,12-चकेरी
कानपुर नगर,नगर निगम - 1-कानपुर,211. Kalyanpur,13-पुराना कानपुर
कानपुर नगर,नगर निगम - 1-कानपुर,215. Kidwai Nagar,14-सब्जी मण्डी किदवई नगर
कानपुर नगर,नगर निगम - 1-कानपुर,213. Sisamau,15-मकर्राबटगंज
कानपुर नगर,नगर निगम - 1-कानपुर,215. Kidwai Nagar,16-जूही
कानपुर नगर,नगर निगम - 1-कानपुर,211. Kalyanpur,17-नारामऊ
कानपुर नगर,नगर निगम - 1-कानपुर,215. Kidwai Nagar,18-उस्मानपुर
कानपुर नगर,नगर निगम - 1-कानपुर,211. Kalyanpur,19-कल्यानपुर दक्षिणी
कानपुर नगर,नगर निगम - 1-कानपुर,213. Sisamau,20-फजलगंज
कानपुर नगर,नगर निगम - 1-कानपुर,217. Maharajpur,21-खाड़ेपुर
कानपुर नगर,नगर निगम - 1-कानपुर,212. Govind Nagar,22-हंसपुरम आवास विकास (नया)
कानपुर नगर,नगर निगम - 1-कानपुर,211. Kalyanpur,23-कल्यानपुर आवास विकास
कानपुर नगर,नगर निगम - 1-कानपुर,216. Kanpur Cantt,24-कृष्णा नगर
कानपुर नगर,नगर निगम - 1-कानपुर,212. Govind Nagar,25-नवीन नगर काकादेव
कानपुर नगर,नगर निगम - 1-कानपुर,217. Maharajpur,26-गांधीग्राम
कानपुर नगर,नगर निगम - 1-कानपुर,211. Kalyanpur,27-नानकारी
कानपुर नगर,नगर निगम - 1-कानपुर,216. Kanpur Cantt,28-हरजेन्दर नगर
कानपुर नगर,नगर निगम - 1-कानपुर,216. Kanpur Cantt,29-ओमपुरवा
कानपुर नगर,नगर निगम - 1-कानपुर,211. Kalyanpur,30-अम्बेडकर नगर काकादेव
कानपुर नगर,नगर निगम - 1-कानपुर,217. Maharajpur,31-सनिगंवा
कानपुर नगर,नगर निगम - 1-कानपुर,213. Sisamau,32-रायपुरवा
कानपुर नगर,नगर निगम - 1-कानपुर,212. Govind Nagar,33-विजय नगर
कानपुर नगर,नगर निगम - 1-कानपुर,212. Govind Nagar,34-रतनलाल नगर
कानपुर नगर,नगर निगम - 1-कानपुर,211. Kalyanpur,35-कल्यानपुर उत्तरी
कानपुर नगर,नगर निगम - 1-कानपुर,216. Kanpur Cantt,36-अजीतगंज
कानपुर नगर,नगर निगम - 1-कानपुर,211. Kalyanpur,37-अशोक नगर
कानपुर नगर,नगर निगम - 1-कानपुर,215. Kidwai Nagar,38-जूही हमीरपुर रोड
कानपुर नगर,नगर निगम - 1-कानपुर,215. Kidwai Nagar,39-ट्रांसपोर्ट नगर
कानपुर नगर,नगर निगम - 1-कानपुर,211. Kalyanpur,40-विष्णुपुरी
कानपुर नगर,नगर निगम - 1-कानपुर,217. Maharajpur,41-हंसपुरम
कानपुर नगर,नगर निगम - 1-कानपुर,214. Arya Nagar,42-परमट
कानपुर नगर,नगर निगम - 1-कानपुर,211. Kalyanpur,43-नबाबगंज
कानपुर नगर,नगर निगम - 1-कानपुर,212. Govind Nagar,44-ख्योरा
कानपुर नगर,नगर निगम - 1-कानपुर,215. Kidwai Nagar,45-विश्वबैंक बर्रा
कानपुर नगर,नगर निगम - 1-कानपुर,217. Maharajpur,46-यशोदा नगर पूर्व
कानपुर नगर,नगर निगम - 1-कानपुर,216. Kanpur Cantt,47-देहली सुजानपुर
कानपुर नगर,नगर निगम - 1-कानपुर,215. Kidwai Nagar,48-गोविन्द नगर दक्षिणी
कानपुर नगर,नगर निगम - 1-कानपुर,213. Sisamau,49-गाँधी नगर
कानपुर नगर,नगर निगम - 1-कानपुर,212. Govind Nagar,50-पनकी
कानपुर नगर,नगर निगम - 1-कानपुर,215. Kidwai Nagar,51-बर्रा
कानपुर नगर,नगर निगम - 1-कानपुर,211. Kalyanpur,52-गीता नगर
कानपुर नगर,नगर निगम - 1-कानपुर,212. Govind Nagar,53-सरायमीता
कानपुर नगर,नगर निगम - 1-कानपुर,211. Kalyanpur,54-विनायकपुर
कानपुर नगर,नगर निगम - 1-कानपुर,212. Govind Nagar,55-गुजैनी कलोनी
कानपुर नगर,नगर निगम - 1-कानपुर,214. Arya Nagar,56-अनवरगंज
कानपुर नगर,नगर निगम - 1-कानपुर,212. Govind Nagar,57-स्वराज्य नगर पनकी
कानपुर नगर,नगर निगम - 1-कानपुर,212. Govind Nagar,58-तिवारीपुर
कानपुर नगर,नगर निगम - 1-कानपुर,213. Sisamau,59-सीसामऊ उत्तरी
कानपुर नगर,नगर निगम - 1-कानपुर,212. Govind Nagar,60-रावतपुर
कानपुर नगर,नगर निगम - 1-कानपुर,211. Kalyanpur,61-तिलकनगर
कानपुर नगर,नगर निगम - 1-कानपुर,217. Maharajpur,62-स्वर्ण जयंती विहार
कानपुर नगर,नगर निगम - 1-कानपुर,217. Maharajpur,63-नौबस्ता पूर्व
कानपुर नगर,नगर निगम - 1-कानपुर,212. Govind Nagar,64-सर्वोदय नगर
कानपुर नगर,नगर निगम - 1-कानपुर,215. Kidwai Nagar,65-नौबस्ता पश्चिमी
कानपुर नगर,नगर निगम - 1-कानपुर,217. Maharajpur,66-पशुपति नगर
कानपुर नगर,नगर निगम - 1-कानपुर,215. Kidwai Nagar,67-बर्रा पश्चिम
कानपुर नगर,नगर निगम - 1-कानपुर,212. Govind Nagar,68-राजीव नगर नौबस्ता
कानपुर नगर,नगर निगम - 1-कानपुर,212. Govind Nagar,69-सरोजनी नगर
कानपुर नगर,नगर निगम - 1-कानपुर,217. Maharajpur,70-कर्रही
कानपुर नगर,नगर निगम - 1-कानपुर,213. Sisamau,71-सीसामऊ दक्षिणी
कानपुर नगर,नगर निगम - 1-कानपुर,212. Govind Nagar,72-दबौली
कानपुर नगर,नगर निगम - 1-कानपुर,216. Kanpur Cantt,73-जाजमऊ दक्षिणी
कानपुर नगर,नगर निगम - 1-कानपुर,216. Kanpur Cantt,74-श्याम नगर
कानपुर नगर,नगर निगम - 1-कानपुर,213. Sisamau,75-सूटरगंज
कानपुर नगर,नगर निगम - 1-कानपुर,214. Arya Nagar,76-हरवंश मोहाल
कानपुर नगर,नगर निगम - 1-कानपुर,215. Kidwai Nagar,77-बर्रा पूर्वी
कानपुर नगर,नगर निगम - 1-कानपुर,214. Arya Nagar,78-सिविल लाइन्स
कानपुर नगर,नगर निगम - 1-कानपुर,214. Arya Nagar,79-चटाई मोहाल
कानपुर नगर,नगर निगम - 1-कानपुर,216. Kanpur Cantt,80-बाबूपुरवा कालोनी
कानपुर नगर,नगर निगम - 1-कानपुर,213. Sisamau,81-कौशलपुरी
कानपुर नगर,नगर निगम - 1-कानपुर,217. Maharajpur,82-जरौली
कानपुर नगर,नगर निगम - 1-कानपुर,214. Arya Nagar,83-दलेलपुरवा
कानपुर नगर,नगर निगम - 1-कानपुर,215. Kidwai Nagar,84-जूही कला
कानपुर नगर,नगर निगम - 1-कानपुर,212. Govind Nagar,85-लाजपत नगर
कानपुर नगर,नगर निगम - 1-कानपुर,212. Govind Nagar,86-काकादेव
कानपुर नगर,नगर निगम - 1-कानपुर,217. Maharajpur,87-बिनगँवा
कानपुर नगर,नगर निगम - 1-कानपुर,215. Kidwai Nagar,88-बसन्त बिहार
कानपुर नगर,नगर निगम - 1-कानपुर,214. Arya Nagar,89-कोपरगंज
कानपुर नगर,नगर निगम - 1-कानपुर,214. Arya Nagar,90-दानाखोरी
कानपुर नगर,नगर निगम - 1-कानपुर,212. Govind Nagar,91-हरिहरनाथ शास्त्री नगर
कानपुर नगर,नगर निगम - 1-कानपुर,215. Kidwai Nagar,92-किदवई नगर दक्षिणी
कानपुर नगर,नगर निगम - 1-कानपुर,215. Kidwai Nagar,93-गोविन्द नगर उत्तरी
कानपुर नगर,नगर निगम - 1-कानपुर,214. Arya Nagar,94-पटकापुर
कानपुर नगर,नगर निगम - 1-कानपुर,217. Maharajpur,95-यशोदा नगर पश्चिमी
कानपुर नगर,नगर निगम - 1-कानपुर,216. Kanpur Cantt,96-जाजमऊ उत्तरी
कानपुर नगर,नगर निगम - 1-कानपुर,213. Sisamau,97-बेकनगंज
कानपुर नगर,नगर निगम - 1-कानपुर,214. Arya Nagar,98-महेश्वरी मोहाल
कानपुर नगर,नगर निगम - 1-कानपुर,216. Kanpur Cantt,99-चन्दारी
कानपुर नगर,नगर निगम - 1-कानपुर,215. Kidwai Nagar,100-किदवई नगर उत्तरी
कानपुर नगर,नगर निगम - 1-कानपुर,214. Arya Nagar,101-चौक सर्राफा
कानपुर नगर,नगर निगम - 1-कानपुर,216. Kanpur Cantt,102-बेगम पुरवा
कानपुर नगर,नगर निगम - 1-कानपुर,214. Arya Nagar,103-परेड
कानपुर नगर,नगर निगम - 1-कानपुर,214. Arya Nagar,104-जनरलगंज
कानपुर नगर,नगर निगम - 1-कानपुर,216. Kanpur Cantt,105-बाबूपुरवा
कानपुर नगर,नगर निगम - 1-कानपुर,214. Arya Nagar,106-कलक्टरगंज
कानपुर नगर,नगर निगम - 1-कानपुर,213. Sisamau,107-चमनगंज
कानपुर नगर,नगर निगम - 1-कानपुर,214. Arya Nagar,108-तलाक मोहाल
कानपुर नगर,नगर निगम - 1-कानपुर,214. Arya Nagar,109-नाजिर बाग
कानपुर नगर,नगर निगम - 1-कानपुर,213. Sisamau,110-कर्नलगंज
गाजियाबाद,नगर निगम - 1-गाजियाबाद,55. Sahibabad,1-बागू क्रिश्चयन नगर
गाजियाबाद,नगर निगम - 1-गाजियाबाद,55. Sahibabad,"2-राहुल विहार , सिद्धार्थ विहार"
गाजियाबाद,नगर निगम - 1-गाजियाबाद,55. Sahibabad,3-पुराना विजयनगर
गाजियाबाद,नगर निगम - 1-गाजियाबाद,55. Sahibabad,4-सेक्टर-12 माता कालोनी
गाजियाबाद,नगर निगम - 1-गाजियाबाद,55. Sahibabad,5-गगनबिहार
गाजियाबाद,नगर निगम - 1-गाजियाबाद,54. Muradnagar,6-दीनदयालपुरी
गाजियाबाद,नगर निगम - 1-गाजियाबाद,55. Sahibabad,"7-बिहारी पुरा, सुदामा पुरी"
गाजियाबाद,नगर निगम - 1-गाजियाबाद,56. Ghaziabad,8-नेहरू नगर द्वितीय
गाजियाबाद,नगर निगम - 1-गाजियाबाद,56. Ghaziabad,9-सिब्बनपुरा पटेलमार्ग
गाजियाबाद,नगर निगम - 1-गाजियाबाद,55. Sahibabad,10-डी0एल0एफ0 कालोनी
गाजियाबाद,नगर निगम - 1-गाजियाबाद,54. Muradnagar,11-नन्दग्राम दीनदयालपुरी
गाजियाबाद,नगर निगम - 1-गाजियाबाद,56. Ghaziabad,"12-कालका गढी , जटवाडा"
गाजियाबाद,नगर निगम - 1-गाजियाबाद,54. Muradnagar,13-घूकना
गाजियाबाद,नगर निगम - 1-गाजियाबाद,56. Ghaziabad,14-न्यू विजयनगर
गाजियाबाद,नगर निगम - 1-गाजियाबाद,55. Sahibabad,15-चरण सिंह कालोनी
गाजियाबाद,नगर निगम - 1-गाजियाबाद,54. Muradnagar,16-मोरटा
गाजियाबाद,नगर निगम - 1-गाजियाबाद,54. Muradnagar,"17-सेवानगर, हिन्डन विहार"
गाजियाबाद,नगर निगम - 1-गाजियाबाद,54. Muradnagar,18-शास्त्रीनगर रजापुर
गाजियाबाद,नगर निगम - 1-गाजियाबाद,56. Ghaziabad,19-पटेलनगर मुकन्दनगर
गाजियाबाद,नगर निगम - 1-गाजियाबाद,55. Sahibabad,20-भौपुरा
गाजियाबाद,नगर निगम - 1-गाजियाबाद,55. Sahibabad,21-भोवापुर
गाजियाबाद,नगर निगम - 1-गाजियाबाद,56. Ghaziabad,22-दौलत पुरा
गाजियाबाद,नगर निगम - 1-गाजियाबाद,56. Ghaziabad,23-कैलाशनगर
गाजियाबाद,नगर निगम - 1-गाजियाबाद,54. Muradnagar,24-महरौली
गाजियाबाद,नगर निगम - 1-गाजियाबाद,56. Ghaziabad,25-अम्बेडकरनगर
गाजियाबाद,नगर निगम - 1-गाजियाबाद,56. Ghaziabad,26-माधोपुरा सुन्दरपुरी
गाजियाबाद,नगर निगम - 1-गाजियाबाद,55. Sahibabad,27-डून्डाहैडा
गाजियाबाद,नगर निगम - 1-गाजियाबाद,55. Sahibabad,28-राजीव कालोनी
गाजियाबाद,नगर निगम - 1-गाजियाबाद,55. Sahibabad,29-कुटी
गाजियाबाद,नगर निगम - 1-गाजियाबाद,54. Muradnagar,30-सदरपुर गोविन्दपुरम
गाजियाबाद,नगर निगम - 1-गाजियाबाद,54. Muradnagar,31-नन्दग्राम सिहानी
गाजियाबाद,नगर निगम - 1-गाजियाबाद,55. Sahibabad,32-कृष्णा नगर
गाजियाबाद,नगर निगम - 1-गाजियाबाद,56. Ghaziabad,33-सराय नजर अली
गाजियाबाद,नगर निगम - 1-गाजियाबाद,55. Sahibabad,34-शाहीदनगर प्रथम
गाजियाबाद,नगर निगम - 1-गाजियाबाद,55. Sahibabad,35-अकबरपुर बहरामपुर
गाजियाबाद,नगर निगम - 1-गाजियाबाद,55. Sahibabad,36-प्रहलाद गढ़ी
गाजियाबाद,नगर निगम - 1-गाजियाबाद,55. Sahibabad,37-शालीमार गार्डन मेन
गाजियाबाद,नगर निगम - 1-गाजियाबाद,55. Sahibabad,38-अर्थला
गाजियाबाद,नगर निगम - 1-गाजियाबाद,54. Muradnagar,39-नासिरपुर
गाजियाबाद,नगर निगम - 1-गाजियाबाद,55. Sahibabad,40-साहिबाबाद
गाजियाबाद,नगर निगम - 1-गाजियाबाद,55. Sahibabad,41-महाराजपुर
गाजियाबाद,नगर निगम - 1-गाजियाबाद,55. Sahibabad,42-शाहपुर बम्हैटा
गाजियाबाद,नगर निगम - 1-गाजियाबाद,55. Sahibabad,43-कडकड माडल
गाजियाबाद,नगर निगम - 1-गाजियाबाद,55. Sahibabad,44-संजय कालोनी
गाजियाबाद,नगर निगम - 1-गाजियाबाद,55. Sahibabad,45-करहैडा
गाजियाबाद,नगर निगम - 1-गाजियाबाद,54. Muradnagar,46-गुलधर दुहाई
गाजियाबाद,नगर निगम - 1-गाजियाबाद,54. Muradnagar,47-शास्त्रीनगर महेन्द्रा इन्क्लेव
गाजियाबाद,नगर निगम - 1-गाजियाबाद,55. Sahibabad,48-मिर्जापुर
गाजियाबाद,नगर निगम - 1-गाजियाबाद,54. Muradnagar,49-नन्दग्राम मरियम नगर
गाजियाबाद,नगर निगम - 1-गाजियाबाद,54. Muradnagar,50-सददीकनगर नूरनगर
गाजियाबाद,नगर निगम - 1-गाजियाबाद,55. Sahibabad,"51-प्रताप विहार, से0-11"
गाजियाबाद,नगर निगम - 1-गाजियाबाद,56. Ghaziabad,52-आर्यनगर कोटगांव
गाजियाबाद,नगर निगम - 1-गाजियाबाद,54. Muradnagar,53-रईसपुर
गाजियाबाद,नगर निगम - 1-गाजियाबाद,55. Sahibabad,54-वसुन्धरा-1
गाजियाबाद,नगर निगम - 1-गाजियाबाद,55. Sahibabad,55-विजयनगर से0-11- ए ब्लाक
गाजियाबाद,नगर निगम - 1-गाजियाबाद,54. Muradnagar,56-चिंरजीव विहार अवन्तिका
गाजियाबाद,नगर निगम - 1-गाजियाबाद,55. Sahibabad,57-मकनपुर
गाजियाबाद,नगर निगम - 1-गाजियाबाद,56. Ghaziabad,58-शिवपुरी
गाजियाबाद,नगर निगम - 1-गाजियाबाद,55. Sahibabad,59-चन्द्रपुरी
गाजियाबाद,नगर निगम - 1-गाजियाबाद,55. Sahibabad,60-श्यामपार्क मेन
गाजियाबाद,नगर निगम - 1-गाजियाबाद,55. Sahibabad,61-वसुन्धरा-2
गाजियाबाद,नगर निगम - 1-गाजियाबाद,54. Muradnagar,62-गोविन्दपुरम हरसांव
गाजियाबाद,नगर निगम - 1-गाजियाबाद,55. Sahibabad,63-पसौन्डा
गाजियाबाद,नगर निगम - 1-गाजियाबाद,55. Sahibabad,64-गरिमा गार्डन
गाजियाबाद,नगर निगम - 1-गाजियाबाद,56. Ghaziabad,65-विवेकानन्दनगर जीवन विहार
गाजियाबाद,नगर निगम - 1-गाजियाबाद,55. Sahibabad,66-मौसम विहार
गाजियाबाद,नगर निगम - 1-गाजियाबाद,54. Muradnagar,67-कमला नेहरू नगर संजयनगर-प्रथम
गाजियाबाद,नगर निगम - 1-गाजियाबाद,55. Sahibabad,68-ब्रजबिहार
गाजियाबाद,नगर निगम - 1-गाजियाबाद,56. Ghaziabad,"69-लोहियानगर, लाल क्वार्टर"
गाजियाबाद,नगर निगम - 1-गाजियाबाद,55. Sahibabad,70-जनकपुरी
गाजियाबाद,नगर निगम - 1-गाजियाबाद,54. Muradnagar,71-संजयनगर-द्वितीय
गोरखपुर,नगर निगम - 1-गोरखपुर,322. Gorakhpur Urban,1-महादेव झारखण्डी . 01
गोरखपुर,नगर निगम - 1-गोरखपुर,322. Gorakhpur Urban,2-बाबा राघवदास नगर
गोरखपुर,नगर निगम - 1-गोरखपुर,323. Gorakhpur Rural,3-रानीडीहा
गोरखपुर,नगर निगम - 1-गोरखपुर,322. Gorakhpur Urban,4-मदन मोहन मालवीय नगर
गोरखपुर,नगर निगम - 1-गोरखपुर,322. Gorakhpur Urban,5-बाबा गम्भीरनाथ नगर
गोरखपुर,नगर निगम - 1-गोरखपुर,323. Gorakhpur Rural,6-खोराबार
गोरखपुर,नगर निगम - 1-गोरखपुर,323. Gorakhpur Rural,7-महादेव झारखण्डी .02
गोरखपुर,नगर निगम - 1-गोरखपुर,323. Gorakhpur Rural,8-चरगांवा
गोरखपुर,नगर निगम - 1-गोरखपुर,322. Gorakhpur Urban,9-नकहा
गोरखपुर,नगर निगम - 1-गोरखपुर,323. Gorakhpur Rural,10-माधवनगर
गोरखपुर,नगर निगम - 1-गोरखपुर,322. Gorakhpur Urban,11-बडगो
गोरखपुर,नगर निगम - 1-गोरखपुर,322. Gorakhpur Urban,12-अशोक नगर
गोरखपुर,नगर निगम - 1-गोरखपुर,322. Gorakhpur Urban,13-सँँझाई
गोरखपुर,नगर निगम - 1-गोरखपुर,322. Gorakhpur Urban,14-डॉ0 राजेन्द्र प्रसाद नगर
गोरखपुर,नगर निगम - 1-गोरखपुर,322. Gorakhpur Urban,15-हनुमन्त नगर
गोरखपुर,नगर निगम - 1-गोरखपुर,322. Gorakhpur Urban,16-दिग्विजय नगर
गोरखपुर,नगर निगम - 1-गोरखपुर,322. Gorakhpur Urban,17-शिवपुर
गोरखपुर,नगर निगम - 1-गोरखपुर,322. Gorakhpur Urban,18-गायत्रीनगर
गोरखपुर,नगर निगम - 1-गोरखपुर,322. Gorakhpur Urban,19-गोपालपुर
गोरखपुर,नगर निगम - 1-गोरखपुर,322. Gorakhpur Urban,20-लच्छीपुर
गोरखपुर,नगर निगम - 1-गोरखपुर,322. Gorakhpur Urban,21-मोहनपुर
गोरखपुर,नगर निगम - 1-गोरखपुर,322. Gorakhpur Urban,22-तुलसीराम पश्चिमी
गोरखपुर,नगर निगम - 1-गोरखपुर,322. Gorakhpur Urban,23-शहीद शिवसिंह क्षेत्री नगर
गोरखपुर,नगर निगम - 1-गोरखपुर,322. Gorakhpur Urban,24-मत्स्येन्द्र नगर
गोरखपुर,नगर निगम - 1-गोरखपुर,322. Gorakhpur Urban,25-गिरधरगंज
गोरखपुर,नगर निगम - 1-गोरखपुर,322. Gorakhpur Urban,26-बेतियाहाता
गोरखपुर,नगर निगम - 1-गोरखपुर,322. Gorakhpur Urban,27-जटेपुर
गोरखपुर,नगर निगम - 1-गोरखपुर,323. Gorakhpur Rural,28-मानसरोव्रर नगर
गोरखपुर,नगर निगम - 1-गोरखपुर,323. Gorakhpur Rural,29-पं० रामप्रसाद बिस्मिल नगर
गोरखपुर,नगर निगम - 1-गोरखपुर,322. Gorakhpur Urban,30-गुलरिहा
गोरखपुर,नगर निगम - 1-गोरखपुर,322. Gorakhpur Urban,31-हरसेवकपुर
गोरखपुर,नगर निगम - 1-गोरखपुर,323. Gorakhpur Rural,32-शहीद अशफाकउल्लाह नगर
गोरखपुर,नगर निगम - 1-गोरखपुर,323. Gorakhpur Rural,33-नरसिंहपुर
गोरखपुर,नगर निगम - 1-गोरखपुर,322. Gorakhpur Urban,34-विश्वकर्मापुरम बौलिया
गोरखपुर,नगर निगम - 1-गोरखपुर,322. Gorakhpur Urban,35-सालिकराम नगर
गोरखपुर,नगर निगम - 1-गोरखपुर,322. Gorakhpur Urban,36-लोहियानगर
गोरखपुर,नगर निगम - 1-गोरखपुर,322. Gorakhpur Urban,37-भरवलिया
गोरखपुर,नगर निगम - 1-गोरखपुर,322. Gorakhpur Urban,38-कान्हा उपवन नगर
गोरखपुर,नगर निगम - 1-गोरखपुर,323. Gorakhpur Rural,39-गायघाट
गोरखपुर,नगर निगम - 1-गोरखपुर,322. Gorakhpur Urban,40-कृष्णानगर
गोरखपुर,नगर निगम - 1-गोरखपुर,323. Gorakhpur Rural,41-माधोपुर
गोरखपुर,नगर निगम - 1-गोरखपुर,323. Gorakhpur Rural,42-महाराणा प्रताप नगर
गोरखपुर,नगर निगम - 1-गोरखपुर,323. Gorakhpur Rural,43-शाहपुर
गोरखपुर,नगर निगम - 1-गोरखपुर,323. Gorakhpur Rural,44-बसंतपुर
गोरखपुर,नगर निगम - 1-गोरखपुर,322. Gorakhpur Urban,45-मैत्रीपुरम
गोरखपुर,नगर निगम - 1-गोरखपुर,322. Gorakhpur Urban,46-शक्तिनगर
गोरखपुर,नगर निगम - 1-गोरखपुर,322. Gorakhpur Urban,47-महात्मा ज्योतिबा फुले नगर
गोरखपुर,नगर निगम - 1-गोरखपुर,322. Gorakhpur Urban,48-धर्मशाला बाजार
गोरखपुर,नगर निगम - 1-गोरखपुर,323. Gorakhpur Rural,49-बेनीगंज रुद्रपुर
गोरखपुर,नगर निगम - 1-गोरखपुर,323. Gorakhpur Rural,50-कल्याणपुर
गोरखपुर,नगर निगम - 1-गोरखपुर,322. Gorakhpur Urban,51-देवी प्रसाद नगर
गोरखपुर,नगर निगम - 1-गोरखपुर,322. Gorakhpur Urban,52-विजय चौक
गोरखपुर,नगर निगम - 1-गोरखपुर,322. Gorakhpur Urban,53-रामजानकी नगर
गोरखपुर,नगर निगम - 1-गोरखपुर,323. Gorakhpur Rural,54-उर्वरकनगर
गोरखपुर,नगर निगम - 1-गोरखपुर,323. Gorakhpur Rural,55-बन्धू सिंह नगर
गोरखपुर,नगर निगम - 1-गोरखपुर,322. Gorakhpur Urban,56-रघुपति सहाय फिराक नगर
गोरखपुर,नगर निगम - 1-गोरखपुर,323. Gorakhpur Rural,57-रायगंज
गोरखपुर,नगर निगम - 1-गोरखपुर,323. Gorakhpur Rural,58-सूरज कुण्ड धाम नगर
गोरखपुर,नगर निगम - 1-गोरखपुर,323. Gorakhpur Rural,59-आत्माराम नगर
गोरखपुर,नगर निगम - 1-गोरखपुर,322. Gorakhpur Urban,60-विकास नगर
गोरखपुर,नगर निगम - 1-गोरखपुर,323. Gorakhpur Rural,61-साहबगंज
गोरखपुर,नगर निगम - 1-गोरखपुर,323. Gorakhpur Rural,62-माया बाजार
गोरखपुर,नगर निगम - 1-गोरखपुर,323. Gorakhpur Rural,63-जगन्नाथपुर
गोरखपुर,नगर निगम - 1-गोरखपुर,322. Gorakhpur Urban,64-विष्णुपुरम
गोरखपुर,नगर निगम - 1-गोरखपुर,323. Gorakhpur Rural,65-कृष्ण मोहन पाण्डेय नगर
गोरखपुर,नगर निगम - 1-गोरखपुर,322. Gorakhpur Urban,66-नेताजी सुभाष नगर
गोरखपुर,नगर निगम - 1-गोरखपुर,322. Gorakhpur Urban,67-सरदार भगत सिंह नगर
गोरखपुर,नगर निगम - 1-गोरखपुर,323. Gorakhpur Rural,68-महर्षि दधीचि नगर
गोरखपुर,नगर निगम - 1-गोरखपुर,323. Gorakhpur Rural,69-श्रीराम चौक
गोरखपुर,नगर निगम - 1-गोरखपुर,323. Gorakhpur Rural,70-चन्द्रशेखर आजाद चौक
गोरखपुर,नगर निगम - 1-गोरखपुर,323. Gorakhpur Rural,71-आर्यनगर
गोरखपुर,नगर निगम - 1-गोरखपुर,322. Gorakhpur Urban,72-सिविल लाईन.2
गोरखपुर,नगर निगम - 1-गोरखपुर,323. Gorakhpur Rural,73-शिवजी नगर
गोरखपुर,नगर निगम - 1-गोरखपुर,323. Gorakhpur Rural,74-सन्त झूले लाल नगर
गोरखपुर,नगर निगम - 1-गोरखपुर,323. Gorakhpur Rural,75-शिवाजी नगर
गोरखपुर,नगर निगम - 1-गोरखपुर,322. Gorakhpur Urban,76-घण्टाघर
गोरखपुर,नगर निगम - 1-गोरखपुर,323. Gorakhpur Rural,77-गीताप्रेस नगर
गोरखपुर,नगर निगम - 1-गोरखपुर,322. Gorakhpur Urban,78-पुराना गोरखपुर
गोरखपुर,नगर निगम - 1-गोरखपुर,322. Gorakhpur Urban,79-सिविल लाइन.1
झांसी,नगर निगम - 1-झांसी,222. Babina,1-हंसारी गिर्द प्रथम
झांसी,नगर निगम - 1-झांसी,222. Babina,2-तालपुरा प्रथम
झांसी,नगर निगम - 1-झांसी,222. Babina,3-भट्टागांव
झांसी,नगर निगम - 1-झांसी,223. Jhansi Nagar,4-खुशीपुरा प्रथम
झांसी,नगर निगम - 1-झांसी,222. Babina,5-ईसाईटोला प्रथम
झांसी,नगर निगम - 1-झांसी,222. Babina,6-नैनागढ
झांसी,नगर निगम - 1-झांसी,222. Babina,7-कछियाना पुलिया नं. 9
झांसी,नगर निगम - 1-झांसी,223. Jhansi Nagar,8-नई बस्ती प्रथम
झांसी,नगर निगम - 1-झांसी,222. Babina,9-हंसारी गिर्द द्वितीय
झांसी,नगर निगम - 1-झांसी,222. Babina,10-नैनागढ दक्षिण प्रथम
झांसी,नगर निगम - 1-झांसी,223. Jhansi Nagar,11-बाहर सैंयर गेट
झांसी,नगर निगम - 1-झांसी,223. Jhansi Nagar,12-स्कूलपुरा
झांसी,नगर निगम - 1-झांसी,222. Babina,13-कोछाभांवर
झांसी,नगर निगम - 1-झांसी,223. Jhansi Nagar,14-खुशीपुरा द्वितीय
झांसी,नगर निगम - 1-झांसी,222. Babina,15-गढियागांव
झांसी,नगर निगम - 1-झांसी,223. Jhansi Nagar,16-मसीहागंज
झांसी,नगर निगम - 1-झांसी,222. Babina,17-नन्दपुरा द्वितीय
झांसी,नगर निगम - 1-झांसी,222. Babina,18-तालपुरा द्वितीय
झांसी,नगर निगम - 1-झांसी,222. Babina,19-बंगला घाट
झांसी,नगर निगम - 1-झांसी,223. Jhansi Nagar,20-गुदरी
झांसी,नगर निगम - 1-झांसी,222. Babina,21-सिमरधा
झांसी,नगर निगम - 1-झांसी,222. Babina,22-बिजौली
झांसी,नगर निगम - 1-झांसी,222. Babina,23-लहरगिर्द प्रथम
झांसी,नगर निगम - 1-झांसी,222. Babina,24-सिमराहा
झांसी,नगर निगम - 1-झांसी,223. Jhansi Nagar,25-बगीचा पुलिया नं. 9
झांसी,नगर निगम - 1-झांसी,223. Jhansi Nagar,26-ईसाईटोला द्वितीय
झांसी,नगर निगम - 1-झांसी,223. Jhansi Nagar,27-डडियापुरा द्वितीय
झांसी,नगर निगम - 1-झांसी,223. Jhansi Nagar,28-हीरापुरा
झांसी,नगर निगम - 1-झांसी,222. Babina,29-नैनागढ दक्षिण द्वितीय
झांसी,नगर निगम - 1-झांसी,222. Babina,30-अलीगोल प्रथम
झांसी,नगर निगम - 1-झांसी,222. Babina,31-लहरगिर्द द्वितीय
झांसी,नगर निगम - 1-झांसी,222. Babina,32-पिछोर
झांसी,नगर निगम - 1-झांसी,223. Jhansi Nagar,33-ओरछा गेट के बाहर द्वितीय
झांसी,नगर निगम - 1-झांसी,223. Jhansi Nagar,34-नई बस्ती द्वितीय
झांसी,नगर निगम - 1-झांसी,222. Babina,35-नन्दनपुरा प्रथम
झांसी,नगर निगम - 1-झांसी,223. Jhansi Nagar,36-प्रेमगंज द्वितीय
झांसी,नगर निगम - 1-झांसी,223. Jhansi Nagar,38-अलीगोल द्वितीय
झांसी,नगर निगम - 1-झांसी,223. Jhansi Nagar,39-बाहर दतिया गेटप्रथम
झांसी,नगर निगम - 1-झांसी,223. Jhansi Nagar,40-आजादगंज
झांसी,नगर निगम - 1-झांसी,222. Babina,41-नन्दनपुरा तृतीय
झांसी,नगर निगम - 1-झांसी,223. Jhansi Nagar,42-सागरगेट
झांसी,नगर निगम - 1-झांसी,223. Jhansi Nagar,43-नानकगंज
झांसी,नगर निगम - 1-झांसी,223. Jhansi Nagar,44-सिविल लाईन उत्तरी भाग
झांसी,नगर निगम - 1-झांसी,223. Jhansi Nagar,45-छनियापुरा
झांसी,नगर निगम - 1-झांसी,223. Jhansi Nagar,46-प्रेमगंज प्रथम
झांसी,नगर निगम - 1-झांसी,223. Jhansi Nagar,47-तलैया
झांसी,नगर निगम - 1-झांसी,223. Jhansi Nagar,48-मेवातीपुरा
झांसी,नगर निगम - 1-झांसी,223. Jhansi Nagar,49-सिविल लाईन पश्चिमी भाग
झांसी,नगर निगम - 1-झांसी,223. Jhansi Nagar,50-डडियापुरा प्रथम
झांसी,नगर निगम - 1-झांसी,223. Jhansi Nagar,51-सिविल लाईन दक्षिणी भागद्वितीय
झांसी,नगर निगम - 1-झांसी,223. Jhansi Nagar,52-मुकरयाना
झांसी,नगर निगम - 1-झांसी,223. Jhansi Nagar,53-बाहर खण्डेराव गेट
झांसी,नगर निगम - 1-झांसी,223. Jhansi Nagar,54-बाहर ओरछा गेट प्रथम
झांसी,नगर निगम - 1-झांसी,223. Jhansi Nagar,55-सिविल लाईन दक्षिणी भागप्रथम
झांसी,नगर निगम - 1-झांसी,223. Jhansi Nagar,56-टौरिया नरसिंहराव
झांसी,नगर निगम - 1-झांसी,223. Jhansi Nagar,57-सी.पी. मिशन कम्पाउण्ड
झांसी,नगर निगम - 1-झांसी,223. Jhansi Nagar,58-गुसाईपुरा
झांसी,नगर निगम - 1-झांसी,222. Babina,59-डरूभोडेला
झांसी,नगर निगम - 1-झांसी,223. Jhansi Nagar,60-लक्ष्मनगंज
प्रयागराज,नगर निगम - 1-प्रयागराज,263. Allahabad South,1-महेवा
प्रयागराज,नगर निगम - 1-प्रयागराज,261. Allahabad West,2-सुलेमसराय
प्रयागराज,नगर निगम - 1-प्रयागराज,261. Allahabad West,3-बम्हरौली उपरहार
प्रयागराज,नगर निगम - 1-प्रयागराज,260. Karachhana,4-नीबी तालुका खुर्द
प्रयागराज,नगर निगम - 1-प्रयागराज,261. Allahabad West,5-पीपलगॉव
प्रयागराज,नगर निगम - 1-प्रयागराज,256. Phulpur,6-कनिहार
प्रयागराज,नगर निगम - 1-प्रयागराज,262. Allahabad North,7-राजापुर
प्रयागराज,नगर निगम - 1-प्रयागराज,260. Karachhana,8-तेंदुआवन
प्रयागराज,नगर निगम - 1-प्रयागराज,256. Phulpur,9-सोनौटी
प्रयागराज,नगर निगम - 1-प्रयागराज,254. Phaphamau,10-गोहरी
प्रयागराज,नगर निगम - 1-प्रयागराज,256. Phulpur,11-अमरसापुर
प्रयागराज,नगर निगम - 1-प्रयागराज,262. Allahabad North,12-अशोक नगर
प्रयागराज,नगर निगम - 1-प्रयागराज,263. Allahabad South,13-मलाकराज
प्रयागराज,नगर निगम - 1-प्रयागराज,254. Phaphamau,14-भदरी
प्रयागराज,नगर निगम - 1-प्रयागराज,261. Allahabad West,15-जयन्तीपुर
प्रयागराज,नगर निगम - 1-प्रयागराज,254. Phaphamau,16-बहमलपुर
प्रयागराज,नगर निगम - 1-प्रयागराज,260. Karachhana,17-चाका
प्रयागराज,नगर निगम - 1-प्रयागराज,261. Allahabad West,18-हरवारा
प्रयागराज,नगर निगम - 1-प्रयागराज,256. Phulpur,19-अंदावा
प्रयागराज,नगर निगम - 1-प्रयागराज,263. Allahabad South,20-चक रघुनाथ
प्रयागराज,नगर निगम - 1-प्रयागराज,262. Allahabad North,21-म्योराबाद
प्रयागराज,नगर निगम - 1-प्रयागराज,260. Karachhana,22-बसवार
प्रयागराज,नगर निगम - 1-प्रयागराज,262. Allahabad North,23-सादियाबाद
प्रयागराज,नगर निगम - 1-प्रयागराज,262. Allahabad North,24-स्वराज नगर
प्रयागराज,नगर निगम - 1-प्रयागराज,256. Phulpur,25-मलावॉ बुजुर्ग
प्रयागराज,नगर निगम - 1-प्रयागराज,262. Allahabad North,26-सिविल लाइन्स प्रथम
प्रयागराज,नगर निगम - 1-प्रयागराज,262. Allahabad North,27-सलोरी
प्रयागराज,नगर निगम - 1-प्रयागराज,261. Allahabad West,28-झूलेलाल नगर
प्रयागराज,नगर निगम - 1-प्रयागराज,260. Karachhana,29-मोहब्बतगंज
प्रयागराज,नगर निगम - 1-प्रयागराज,263. Allahabad South,30-कृष्णा नगर
प्रयागराज,नगर निगम - 1-प्रयागराज,263. Allahabad South,31-जहांगीराबाद
प्रयागराज,नगर निगम - 1-प्रयागराज,262. Allahabad North,32-एलनगंज
प्रयागराज,नगर निगम - 1-प्रयागराज,261. Allahabad West,33-लवायन
प्रयागराज,नगर निगम - 1-प्रयागराज,261. Allahabad West,34-शिवकुटी
प्रयागराज,नगर निगम - 1-प्रयागराज,261. Allahabad West,35-झलवा
प्रयागराज,नगर निगम - 1-प्रयागराज,262. Allahabad North,36-मधवापुर
प्रयागराज,नगर निगम - 1-प्रयागराज,261. Allahabad West,37-शांतिपुरम्
प्रयागराज,नगर निगम - 1-प्रयागराज,262. Allahabad North,38-बाघम्बरी हाउसिंग स्कीम
प्रयागराज,नगर निगम - 1-प्रयागराज,254. Phaphamau,39-मलाक हरहर
प्रयागराज,नगर निगम - 1-प्रयागराज,263. Allahabad South,40-नैनी ददरी
प्रयागराज,नगर निगम - 1-प्रयागराज,262. Allahabad North,41-मम्फोर्डगंज
प्रयागराज,नगर निगम - 1-प्रयागराज,262. Allahabad North,42-गंगा नगर
प्रयागराज,नगर निगम - 1-प्रयागराज,263. Allahabad South,43-आजाद स्क्वायर
प्रयागराज,नगर निगम - 1-प्रयागराज,261. Allahabad West,44-चकिया
प्रयागराज,नगर निगम - 1-प्रयागराज,256. Phulpur,45-छतनाग
प्रयागराज,नगर निगम - 1-प्रयागराज,262. Allahabad North,46-पूरा पड़ाईन
प्रयागराज,नगर निगम - 1-प्रयागराज,263. Allahabad South,47-अरैल
प्रयागराज,नगर निगम - 1-प्रयागराज,262. Allahabad North,48-अलोपी बाग
प्रयागराज,नगर निगम - 1-प्रयागराज,261. Allahabad West,49-ट्रान्सपोर्ट नगर
प्रयागराज,नगर निगम - 1-प्रयागराज,256. Phulpur,50-कटका
प्रयागराज,नगर निगम - 1-प्रयागराज,261. Allahabad West,51-मुण्डेरा
प्रयागराज,नगर निगम - 1-प्रयागराज,256. Phulpur,52-हवेलिया
प्रयागराज,नगर निगम - 1-प्रयागराज,261. Allahabad West,53-चक निरातुल
प्रयागराज,नगर निगम - 1-प्रयागराज,261. Allahabad West,54-राजरूपपुर
प्रयागराज,नगर निगम - 1-प्रयागराज,262. Allahabad North,55-तेलियरगंज
प्रयागराज,नगर निगम - 1-प्रयागराज,262. Allahabad North,56-फाफामऊ
प्रयागराज,नगर निगम - 1-प्रयागराज,263. Allahabad South,57-काशीराज नगर
प्रयागराज,नगर निगम - 1-प्रयागराज,262. Allahabad North,58-सिविल लाइन्स द्वितीय
प्रयागराज,नगर निगम - 1-प्रयागराज,261. Allahabad West,59-नीम सराय
प्रयागराज,नगर निगम - 1-प्रयागराज,261. Allahabad West,60-मिन्हाजपुर गढ़ीकला
प्रयागराज,नगर निगम - 1-प्रयागराज,262. Allahabad North,61-कर्नलगंज
प्रयागराज,नगर निगम - 1-प्रयागराज,263. Allahabad South,62-नई बस्ती
प्रयागराज,नगर निगम - 1-प्रयागराज,262. Allahabad North,63-पुराना कटरा
प्रयागराज,नगर निगम - 1-प्रयागराज,254. Phaphamau,64-मेंहदौरी
प्रयागराज,नगर निगम - 1-प्रयागराज,262. Allahabad North,65-टैगोर टाउन
प्रयागराज,नगर निगम - 1-प्रयागराज,263. Allahabad South,66-चक दोंदी
प्रयागराज,नगर निगम - 1-प्रयागराज,263. Allahabad South,67-काजीपुर
प्रयागराज,नगर निगम - 1-प्रयागराज,262. Allahabad North,68-न्याय मार्ग क्षेत्र
प्रयागराज,नगर निगम - 1-प्रयागराज,262. Allahabad North,69-भारद्वाजपुरम
प्रयागराज,नगर निगम - 1-प्रयागराज,260. Karachhana,70-मवैया
प्रयागराज,नगर निगम - 1-प्रयागराज,261. Allahabad West,71-ओमप्रकाश सभासद नगर
प्रयागराज,नगर निगम - 1-प्रयागराज,262. Allahabad North,72-गोविन्दपुर
प्रयागराज,नगर निगम - 1-प्रयागराज,262. Allahabad North,73-दारागंज
प्रयागराज,नगर निगम - 1-प्रयागराज,261. Allahabad West,74-बेनीगंज
प्रयागराज,नगर निगम - 1-प्रयागराज,256. Phulpur,75-झूंसी कोहना
प्रयागराज,नगर निगम - 1-प्रयागराज,263. Allahabad South,76-अतरसुईया
प्रयागराज,नगर निगम - 1-प्रयागराज,263. Allahabad South,77-तुलसीपुर
प्रयागराज,नगर निगम - 1-प्रयागराज,262. Allahabad North,78-नया कटरा
प्रयागराज,नगर निगम - 1-प्रयागराज,261. Allahabad West,79-प्रीतम नगर
प्रयागराज,नगर निगम - 1-प्रयागराज,263. Allahabad South,80-मोहत्सिमगंज
प्रयागराज,नगर निगम - 1-प्रयागराज,263. Allahabad South,81-चक भटाई
प्रयागराज,नगर निगम - 1-प्रयागराज,263. Allahabad South,82-करैलाबाग
प्रयागराज,नगर निगम - 1-प्रयागराज,263. Allahabad South,83-दरियाबाद
प्रयागराज,नगर निगम - 1-प्रयागराज,263. Allahabad South,84-सदियापुर
प्रयागराज,नगर निगम - 1-प्रयागराज,256. Phulpur,85-झूंसी आजाद नगर
प्रयागराज,नगर निगम - 1-प्रयागराज,263. Allahabad South,86-मालवीय नगर
प्रयागराज,नगर निगम - 1-प्रयागराज,263. Allahabad South,87-मीरापुर
प्रयागराज,नगर निगम - 1-प्रयागराज,263. Allahabad South,88-मुट्ठीगंज
प्रयागराज,नगर निगम - 1-प्रयागराज,262. Allahabad North,89-बक्शी खुर्द
प्रयागराज,नगर निगम - 1-प्रयागराज,261. Allahabad West,90-शाहगंज गढीसराय
प्रयागराज,नगर निगम - 1-प्रयागराज,261. Allahabad West,91-पूरा मनोहर दास
प्रयागराज,नगर निगम - 1-प्रयागराज,261. Allahabad West,92-बक्शी बाजार
प्रयागराज,नगर निगम - 1-प्रयागराज,263. Allahabad South,93-सुल्तानपुर भावा
प्रयागराज,नगर निगम - 1-प्रयागराज,263. Allahabad South,94-चौखण्डी
प्रयागराज,नगर निगम - 1-प्रयागराज,263. Allahabad South,95-नारायण सिंह नगर
प्रयागराज,नगर निगम - 1-प्रयागराज,263. Allahabad South,96-शम्स नगर
प्रयागराज,नगर निगम - 1-प्रयागराज,263. Allahabad South,97-चौक गंगादास
प्रयागराज,नगर निगम - 1-प्रयागराज,263. Allahabad South,98-दायराशाह
प्रयागराज,नगर निगम - 1-प्रयागराज,263. Allahabad South,99-गुरू तेग बहादुर नगर
प्रयागराज,नगर निगम - 1-प्रयागराज,261. Allahabad West,100-अटाला
फिरोज़ाबाद,नगर निगम - 1-फिरोजाबाद,98. Shikohabad,1-सैलई
फिरोज़ाबाद,नगर निगम - 1-फिरोजाबाद,97. Firozabad,2-विजय नगर
फिरोज़ाबाद,नगर निगम - 1-फिरोजाबाद,97. Firozabad,3-नगला मिर्जा बड़ा
फिरोज़ाबाद,नगर निगम - 1-फिरोजाबाद,97. Firozabad,4-भीम नगर
फिरोज़ाबाद,नगर निगम - 1-फिरोजाबाद,97. Firozabad,5-सरजीवन नगर
फिरोज़ाबाद,नगर निगम - 1-फिरोजाबाद,97. Firozabad,6-आजाद नगर
फिरोज़ाबाद,नगर निगम - 1-फिरोजाबाद,97. Firozabad,7-करबला
फिरोज़ाबाद,नगर निगम - 1-फिरोजाबाद,97. Firozabad,8-टापाकला
फिरोज़ाबाद,नगर निगम - 1-फिरोजाबाद,97. Firozabad,9-बौद्व आश्रम
फिरोज़ाबाद,नगर निगम - 1-फिरोजाबाद,97. Firozabad,10-नगला करन सिंह
फिरोज़ाबाद,नगर निगम - 1-फिरोजाबाद,97. Firozabad,11-न्यू रामगढ़
फिरोज़ाबाद,नगर निगम - 1-फिरोजाबाद,97. Firozabad,12-ककरऊ
फिरोज़ाबाद,नगर निगम - 1-फिरोजाबाद,97. Firozabad,13-सरस्वती नगर
फिरोज़ाबाद,नगर निगम - 1-फिरोजाबाद,97. Firozabad,14-डांक बंगला
फिरोज़ाबाद,नगर निगम - 1-फिरोजाबाद,97. Firozabad,15-दखल
फिरोज़ाबाद,नगर निगम - 1-फिरोजाबाद,97. Firozabad,16-हनुमान गढ
फिरोज़ाबाद,नगर निगम - 1-फिरोजाबाद,97. Firozabad,17-सत्य नगर
फिरोज़ाबाद,नगर निगम - 1-फिरोजाबाद,97. Firozabad,18-बासठ
फिरोज़ाबाद,नगर निगम - 1-फिरोजाबाद,97. Firozabad,19-सन्त नगर
फिरोज़ाबाद,नगर निगम - 1-फिरोजाबाद,97. Firozabad,20-इन्द्रपुरी
फिरोज़ाबाद,नगर निगम - 1-फिरोजाबाद,97. Firozabad,21-लालपुर
फिरोज़ाबाद,नगर निगम - 1-फिरोजाबाद,97. Firozabad,22-असफाबाद
फिरोज़ाबाद,नगर निगम - 1-फिरोजाबाद,97. Firozabad,23-पुरानी मण्डी
फिरोज़ाबाद,नगर निगम - 1-फिरोजाबाद,97. Firozabad,24-किशन नगर
फिरोज़ाबाद,नगर निगम - 1-फिरोजाबाद,98. Shikohabad,25-ढोलपुरा
फिरोज़ाबाद,नगर निगम - 1-फिरोजाबाद,97. Firozabad,27-पेमेश्वर गेट
फिरोज़ाबाद,नगर निगम - 1-फिरोजाबाद,97. Firozabad,28-हिमायुंपुर द्वितीय
फिरोज़ाबाद,नगर निगम - 1-फिरोजाबाद,95. Tundla,29-टापाखुर्द
फिरोज़ाबाद,नगर निगम - 1-फिरोजाबाद,97. Firozabad,30-नीबू बाला बाग
फिरोज़ाबाद,नगर निगम - 1-फिरोजाबाद,97. Firozabad,31-महावीर नगर
फिरोज़ाबाद,नगर निगम - 1-फिरोजाबाद,97. Firozabad,32-हिमांयूपुर प्रथम
फिरोज़ाबाद,नगर निगम - 1-फिरोजाबाद,97. Firozabad,33-जैन नगर
फिरोज़ाबाद,नगर निगम - 1-फिरोजाबाद,97. Firozabad,34-ठारपूठा
फिरोज़ाबाद,नगर निगम - 1-फिरोजाबाद,97. Firozabad,35-नगला भऊ
फिरोज़ाबाद,नगर निगम - 1-फिरोजाबाद,97. Firozabad,36-नगला पचिया
फिरोज़ाबाद,नगर निगम - 1-फिरोजाबाद,97. Firozabad,37-आर्य नगर
फिरोज़ाबाद,नगर निगम - 1-फिरोजाबाद,97. Firozabad,38-रैहना
फिरोज़ाबाद,नगर निगम - 1-फिरोजाबाद,97. Firozabad,39-जोशियान
फिरोज़ाबाद,नगर निगम - 1-फिरोजाबाद,97. Firozabad,40-नन्दराम चौक
फिरोज़ाबाद,नगर निगम - 1-फिरोजाबाद,97. Firozabad,41-गांधी नगर
फिरोज़ाबाद,नगर निगम - 1-फिरोजाबाद,97. Firozabad,42-रामनगर
फिरोज़ाबाद,नगर निगम - 1-फिरोजाबाद,97. Firozabad,43-नई बस्ती
फिरोज़ाबाद,नगर निगम - 1-फिरोजाबाद,97. Firozabad,44-सुहाग नगर
फिरोज़ाबाद,नगर निगम - 1-फिरोजाबाद,97. Firozabad,45-नगला विश्नू
फिरोज़ाबाद,नगर निगम - 1-फिरोजाबाद,97. Firozabad,46-मौ0 टीला
फिरोज़ाबाद,नगर निगम - 1-फिरोजाबाद,97. Firozabad,47-दुर्गेश नगर
फिरोज़ाबाद,नगर निगम - 1-फिरोजाबाद,97. Firozabad,48-लेवर कालौनी
फिरोज़ाबाद,नगर निगम - 1-फिरोजाबाद,97. Firozabad,49-हनुमान गंज
फिरोज़ाबाद,नगर निगम - 1-फिरोजाबाद,97. Firozabad,50-नया रसूलपुर
फिरोज़ाबाद,नगर निगम - 1-फिरोजाबाद,97. Firozabad,51-कटरा सुनारन
फिरोज़ाबाद,नगर निगम - 1-फिरोजाबाद,97. Firozabad,52-दीदामई
फिरोज़ाबाद,नगर निगम - 1-फिरोजाबाद,97. Firozabad,53-बगीया
फिरोज़ाबाद,नगर निगम - 1-फिरोजाबाद,97. Firozabad,54-चिश्ती नगर
फिरोज़ाबाद,नगर निगम - 1-फिरोजाबाद,97. Firozabad,55-ताडो बाली बगिया
फिरोज़ाबाद,नगर निगम - 1-फिरोजाबाद,97. Firozabad,56-उर्दू नगर
फिरोज़ाबाद,नगर निगम - 1-फिरोजाबाद,97. Firozabad,57-नगला बरी
फिरोज़ाबाद,नगर निगम - 1-फिरोजाबाद,97. Firozabad,58-हबीब गंज
फिरोज़ाबाद,नगर निगम - 1-फिरोजाबाद,97. Firozabad,59-क श्मीरीगेट
फिरोज़ाबाद,नगर निगम - 1-फिरोजाबाद,97. Firozabad,60-मक्का कॉलोनी
फिरोज़ाबाद,नगर निगम - 1-फिरोजाबाद,97. Firozabad,61-रामगढ
फिरोज़ाबाद,नगर निगम - 1-फिरोजाबाद,97. Firozabad,62-नगला गूलरिया
फिरोज़ाबाद,नगर निगम - 1-फिरोजाबाद,97. Firozabad,63-छपरिया
फिरोज़ाबाद,नगर निगम - 1-फिरोजाबाद,97. Firozabad,64-मु0 हुसैनी
फिरोज़ाबाद,नगर निगम - 1-फिरोजाबाद,97. Firozabad,65-मसरूर गंज
फिरोज़ाबाद,नगर निगम - 1-फिरोजाबाद,97. Firozabad,66-तीस फुटा
फिरोज़ाबाद,नगर निगम - 1-फिरोजाबाद,97. Firozabad,67-हाजीपुरा
फिरोज़ाबाद,नगर निगम - 1-फिरोजाबाद,97. Firozabad,68-गालिब नगर
फिरोज़ाबाद,नगर निगम - 1-फिरोजाबाद,97. Firozabad,69-राही नगर
फिरोज़ाबाद,नगर निगम - 1-फिरोजाबाद,97. Firozabad,70-शीतल खां
बरेली,नगर निगम - 1-बरेली,125. Bareilly Cantt,1-बिहारीपुर सिविल लाईन
बरेली,नगर निगम - 1-बरेली,124. Bareilly City,2-जाटव पुरा
बरेली,नगर निगम - 1-बरेली,124. Bareilly City,3-छोटी बिहार
बरेली,नगर निगम - 1-बरेली,125. Bareilly Cantt,4-शुगर फैक्ट्री
बरेली,नगर निगम - 1-बरेली,125. Bareilly Cantt,5-नेकपुर
बरेली,नगर निगम - 1-बरेली,125. Bareilly Cantt,6-नवादा शेखान
बरेली,नगर निगम - 1-बरेली,125. Bareilly Cantt,7-वीर भट्टी
बरेली,नगर निगम - 1-बरेली,125. Bareilly Cantt,8-माडल टाउन
बरेली,नगर निगम - 1-बरेली,124. Bareilly City,9-नौमहला
बरेली,नगर निगम - 1-बरेली,125. Bareilly Cantt,10-बड़ी बिहार
बरेली,नगर निगम - 1-बरेली,125. Bareilly Cantt,11-कटराचादखां
बरेली,नगर निगम - 1-बरेली,125. Bareilly Cantt,12-सिठौरा
बरेली,नगर निगम - 1-बरेली,125. Bareilly Cantt,13-शान्ति बिहार
बरेली,नगर निगम - 1-बरेली,124. Bareilly City,14-ब्रह्मपुरा
बरेली,नगर निगम - 1-बरेली,124. Bareilly City,15-हजियापुर
बरेली,नगर निगम - 1-बरेली,124. Bareilly City,16-संजयनगर
बरेली,नगर निगम - 1-बरेली,125. Bareilly Cantt,17-हरूनगला
बरेली,नगर निगम - 1-बरेली,124. Bareilly City,18-रेलवे कालोनी
बरेली,नगर निगम - 1-बरेली,124. Bareilly City,19-कंजादासपुर
बरेली,नगर निगम - 1-बरेली,125. Bareilly Cantt,20-आजमनगर
बरेली,नगर निगम - 1-बरेली,125. Bareilly Cantt,21-सुभाष नगर
बरेली,नगर निगम - 1-बरेली,124. Bareilly City,22-खलीलपुर
बरेली,नगर निगम - 1-बरेली,124. Bareilly City,23-इन्दिरा नगर
बरेली,नगर निगम - 1-बरेली,124. Bareilly City,24-मौला नगर
बरेली,नगर निगम - 1-बरेली,125. Bareilly Cantt,25-मढीनाथ
बरेली,नगर निगम - 1-बरेली,124. Bareilly City,26-आई0वी0आर0आई0
बरेली,नगर निगम - 1-बरेली,124. Bareilly City,27-मथुरापुर
बरेली,नगर निगम - 1-बरेली,124. Bareilly City,28-फरीदापुर चौधरी
बरेली,नगर निगम - 1-बरेली,124. Bareilly City,29-रहपुरा चौधरी
बरेली,नगर निगम - 1-बरेली,124. Bareilly City,30-स्वालेनगर
बरेली,नगर निगम - 1-बरेली,124. Bareilly City,31-कटघर
बरेली,नगर निगम - 1-बरेली,125. Bareilly Cantt,32-गांधी उद्यान
बरेली,नगर निगम - 1-बरेली,124. Bareilly City,33-बनखंडी नाथ
बरेली,नगर निगम - 1-बरेली,124. Bareilly City,34-परतापुर चौधरी
बरेली,नगर निगम - 1-बरेली,125. Bareilly Cantt,35-रामपुरबाग
बरेली,नगर निगम - 1-बरेली,124. Bareilly City,36-जौहरपुर
बरेली,नगर निगम - 1-बरेली,124. Bareilly City,37-नदौसी
बरेली,नगर निगम - 1-बरेली,125. Bareilly Cantt,38-बेनीपुर चौधरी
बरेली,नगर निगम - 1-बरेली,125. Bareilly Cantt,39-कांकर टोला
बरेली,नगर निगम - 1-बरेली,125. Bareilly Cantt,40-सहसवानी टोला
बरेली,नगर निगम - 1-बरेली,124. Bareilly City,41-बिहारीपुर मौमारान
बरेली,नगर निगम - 1-बरेली,124. Bareilly City,42-चौधरी मोहल्ला
बरेली,नगर निगम - 1-बरेली,125. Bareilly Cantt,43-आकाशपुरम
बरेली,नगर निगम - 1-बरेली,125. Bareilly Cantt,44-मलूकपुर
बरेली,नगर निगम - 1-बरेली,124. Bareilly City,45-महेशपुर अटरिथा
बरेली,नगर निगम - 1-बरेली,124. Bareilly City,46-गाँधीपुरम
बरेली,नगर निगम - 1-बरेली,124. Bareilly City,47-किला छावनी
बरेली,नगर निगम - 1-बरेली,124. Bareilly City,48-जोगी नवादा
बरेली,नगर निगम - 1-बरेली,124. Bareilly City,49-शास्त्री नगर
बरेली,नगर निगम - 1-बरेली,124. Bareilly City,50-जनकपुरी
बरेली,नगर निगम - 1-बरेली,124. Bareilly City,51-नगरिया परीक्षित
बरेली,नगर निगम - 1-बरेली,124. Bareilly City,52-बानखाना
बरेली,नगर निगम - 1-बरेली,125. Bareilly Cantt,53-रोहली टोला
बरेली,नगर निगम - 1-बरेली,124. Bareilly City,54-भूड
बरेली,नगर निगम - 1-बरेली,124. Bareilly City,55-सौदपुर हाकिन्स
बरेली,नगर निगम - 1-बरेली,125. Bareilly Cantt,56-कुंवरपुर
बरेली,नगर निगम - 1-बरेली,125. Bareilly Cantt,57-फाल्तूनगंज
बरेली,नगर निगम - 1-बरेली,124. Bareilly City,58-गुलाब नगर
बरेली,नगर निगम - 1-बरेली,124. Bareilly City,59-सरनिया
बरेली,नगर निगम - 1-बरेली,125. Bareilly Cantt,60-शाहदाना
बरेली,नगर निगम - 1-बरेली,124. Bareilly City,61-कानूनगोयान
बरेली,नगर निगम - 1-बरेली,125. Bareilly Cantt,62-चकमहमूद
बरेली,नगर निगम - 1-बरेली,124. Bareilly City,63-साहूकारा
बरेली,नगर निगम - 1-बरेली,125. Bareilly Cantt,64-सिकलापुर
बरेली,नगर निगम - 1-बरेली,124. Bareilly City,65-सुरेश शर्मा नगर
बरेली,नगर निगम - 1-बरेली,124. Bareilly City,66-बजरिया पूरनमल
बरेली,नगर निगम - 1-बरेली,124. Bareilly City,67-आवास विकास
बरेली,नगर निगम - 1-बरेली,125. Bareilly Cantt,68-खन्नू मौ0
बरेली,नगर निगम - 1-बरेली,124. Bareilly City,69-शाहबाद
बरेली,नगर निगम - 1-बरेली,124. Bareilly City,70-पीर बहोडा
बरेली,नगर निगम - 1-बरेली,125. Bareilly Cantt,71-नई बस्ती
बरेली,नगर निगम - 1-बरेली,124. Bareilly City,72-आलमगिरी गंज
बरेली,नगर निगम - 1-बरेली,124. Bareilly City,73-विधौलिया
बरेली,नगर निगम - 1-बरेली,125. Bareilly Cantt,74-घेर शेख मिठ्ठू
बरेली,नगर निगम - 1-बरेली,124. Bareilly City,75-एजाजनगर
बरेली,नगर निगम - 1-बरेली,124. Bareilly City,76-इग्लिंश गंज
बरेली,नगर निगम - 1-बरेली,125. Bareilly Cantt,77-सौदागरान
बरेली,नगर निगम - 1-बरेली,125. Bareilly Cantt,78-सूफीटोला
बरेली,नगर निगम - 1-बरेली,125. Bareilly Cantt,79-चक महमूद नगर
बरेली,नगर निगम - 1-बरेली,125. Bareilly Cantt,80-रबडी टोला
मथुरा,नगर निगम - 2-वृन्दावन-मथुरा,84. Mathura,1-बिर्जापुर
मथुरा,नगर निगम - 2-वृन्दावन-मथुरा,84. Mathura,2-अंबेडकर नगर
मथुरा,नगर निगम - 2-वृन्दावन-मथुरा,84. Mathura,3-गिरधरपुर
मथुरा,नगर निगम - 2-वृन्दावन-मथुरा,84. Mathura,4-इशापुर यमुनापार
मथुरा,नगर निगम - 2-वृन्दावन-मथुरा,84. Mathura,5-भरतपुरगेट
मथुरा,नगर निगम - 2-वृन्दावन-मथुरा,84. Mathura,6-अडुकी
मथुरा,नगर निगम - 2-वृन्दावन-मथुरा,84. Mathura,7-लोहवन
मथुरा,नगर निगम - 2-वृन्दावन-मथुरा,84. Mathura,8-आटस
मथुरा,नगर निगम - 2-वृन्दावन-मथुरा,84. Mathura,9-गांधी नगर
मथुरा,नगर निगम - 2-वृन्दावन-मथुरा,84. Mathura,10-औरंगाबाद प्रथम ;मथुरा से आगरा जाने पर बांयी ओरद्ध
मथुरा,नगर निगम - 2-वृन्दावन-मथुरा,84. Mathura,11-तारसी
मथुरा,नगर निगम - 2-वृन्दावन-मथुरा,84. Mathura,12-राधेश्याम कालोनी
मथुरा,नगर निगम - 2-वृन्दावन-मथुरा,84. Mathura,13-सुनरख
मथुरा,नगर निगम - 2-वृन्दावन-मथुरा,84. Mathura,14-लक्ष्मीनगर यमुनापार
मथुरा,नगर निगम - 2-वृन्दावन-मथुरा,84. Mathura,15-महोली प्रथम
मथुरा,नगर निगम - 2-वृन्दावन-मथुरा,84. Mathura,16-बाकलपुर
मथुरा,नगर निगम - 2-वृन्दावन-मथुरा,84. Mathura,17-बैरागपुरा
मथुरा,नगर निगम - 2-वृन्दावन-मथुरा,84. Mathura,18-जनरल गंज
मथुरा,नगर निगम - 2-वृन्दावन-मथुरा,84. Mathura,19-रामनगर यमुना पार
मथुरा,नगर निगम - 2-वृन्दावन-मथुरा,84. Mathura,20-कृष्णा नगर प्रथम
मथुरा,नगर निगम - 2-वृन्दावन-मथुरा,84. Mathura,21-चैतन्य बिहार
मथुरा,नगर निगम - 2-वृन्दावन-मथुरा,84. Mathura,22-बद्रीनगर
मथुरा,नगर निगम - 2-वृन्दावन-मथुरा,84. Mathura,23-अहीरपाडा
मथुरा,नगर निगम - 2-वृन्दावन-मथुरा,84. Mathura,24-सराय आजमाबाद
मथुरा,नगर निगम - 2-वृन्दावन-मथुरा,84. Mathura,25-छरौरा
मथुरा,नगर निगम - 2-वृन्दावन-मथुरा,84. Mathura,26-नया नगला
मथुरा,नगर निगम - 2-वृन्दावन-मथुरा,84. Mathura,27-बाद
मथुरा,नगर निगम - 2-वृन्दावन-मथुरा,84. Mathura,28-औरंगाबाद द्वितीय (मथुरा से आगरा जाने पर दायीं ओर)
मथुरा,नगर निगम - 2-वृन्दावन-मथुरा,84. Mathura,29-कोयला अलीपुर
मथुरा,नगर निगम - 2-वृन्दावन-मथुरा,84. Mathura,30-कृष्णा नगर द्वितीय
मथुरा,नगर निगम - 2-वृन्दावन-मथुरा,84. Mathura,31-नवनीत नगर
मथुरा,नगर निगम - 2-वृन्दावन-मथुरा,84. Mathura,32-रॉंचीबागर
मथुरा,नगर निगम - 2-वृन्दावन-मथुरा,84. Mathura,33-पालीखेडा
मथुरा,नगर निगम - 2-वृन्दावन-मथुरा,84. Mathura,34-राधानिवास
मथुरा,नगर निगम - 2-वृन्दावन-मथुरा,84. Mathura,35-बनखण्डी
मथुरा,नगर निगम - 2-वृन्दावन-मथुरा,84. Mathura,36-जयसिंह पुरा
मथुरा,नगर निगम - 2-वृन्दावन-मथुरा,84. Mathura,37-बल्देवपुरी
मथुरा,नगर निगम - 2-वृन्दावन-मथुरा,84. Mathura,38-सिविल लाइन्स
मथुरा,नगर निगम - 2-वृन्दावन-मथुरा,84. Mathura,39-महाविद्या कालोनी
मथुरा,नगर निगम - 2-वृन्दावन-मथुरा,84. Mathura,40-राजकुमार
मथुरा,नगर निगम - 2-वृन्दावन-मथुरा,84. Mathura,41-धौलीप्याऊ
मथुरा,नगर निगम - 2-वृन्दावन-मथुरा,84. Mathura,42-मनोहरपुरा
मथुरा,नगर निगम - 2-वृन्दावन-मथुरा,84. Mathura,43-गनेशरा
मथुरा,नगर निगम - 2-वृन्दावन-मथुरा,84. Mathura,44-राधिका बिहार
मथुरा,नगर निगम - 2-वृन्दावन-मथुरा,84. Mathura,45-बिरला मन्दिर
मथुरा,नगर निगम - 2-वृन्दावन-मथुरा,84. Mathura,46-राधा नगर
मथुरा,नगर निगम - 2-वृन्दावन-मथुरा,84. Mathura,47-द्वारकापुरी
मथुरा,नगर निगम - 2-वृन्दावन-मथुरा,83. Govardhan,48-सतोहा असगरपुर
मथुरा,नगर निगम - 2-वृन्दावन-मथुरा,84. Mathura,49-डैम्पीयर नगर
मथुरा,नगर निगम - 2-वृन्दावन-मथुरा,84. Mathura,50-पत्थर पुरा
मथुरा,नगर निगम - 2-वृन्दावन-मथुरा,84. Mathura,51-गौशाला नगर
मथुरा,नगर निगम - 2-वृन्दावन-मथुरा,84. Mathura,52-चन्द्रपुरी
मथुरा,नगर निगम - 2-वृन्दावन-मथुरा,84. Mathura,53-कृष्णापुरी
मथुरा,नगर निगम - 2-वृन्दावन-मथुरा,84. Mathura,54-प्रतापनगर
मथुरा,नगर निगम - 2-वृन्दावन-मथुरा,84. Mathura,55-गोविन्दनगर
मथुरा,नगर निगम - 2-वृन्दावन-मथुरा,84. Mathura,56-मण्डी रामदास
मथुरा,नगर निगम - 2-वृन्दावन-मथुरा,84. Mathura,57-बालाजीपुरम
मथुरा,नगर निगम - 2-वृन्दावन-मथुरा,84. Mathura,58-गऊ घाट
मथुरा,नगर निगम - 2-वृन्दावन-मथुरा,84. Mathura,61-चौबिया पाड़ा
मथुरा,नगर निगम - 2-वृन्दावन-मथुरा,84. Mathura,62-मथुरा दरवाजा
मथुरा,नगर निगम - 2-वृन्दावन-मथुरा,84. Mathura,63-मालियान सदर
मथुरा,नगर निगम - 2-वृन्दावन-मथुरा,84. Mathura,64-घाटी बहालराय
मथुरा,नगर निगम - 2-वृन्दावन-मथुरा,84. Mathura,65-होली गली
मथुरा,नगर निगम - 2-वृन्दावन-मथुरा,84. Mathura,66-केशीघाट
मथुरा,नगर निगम - 2-वृन्दावन-मथुरा,84. Mathura,67-केमार वन
मथुरा,नगर निगम - 2-वृन्दावन-मथुरा,84. Mathura,68-शान्ति नगर
मथुरा,नगर निगम - 2-वृन्दावन-मथुरा,84. Mathura,69-रतन छतरी
मथुरा,नगर निगम - 2-वृन्दावन-मथुरा,84. Mathura,70-बिहारी पुरा
मुरादाबाद,नगर निगम - 1-मुरादाबाद,28. Moradabad Nagar,1-शाहपुर तिगरी
मुरादाबाद,नगर निगम - 1-मुरादाबाद,28. Moradabad Nagar,2-आदर्श कालोनी
मुरादाबाद,नगर निगम - 1-मुरादाबाद,28. Moradabad Nagar,3-खुशहालपुर
मुरादाबाद,नगर निगम - 1-मुरादाबाद,28. Moradabad Nagar,4-पैपटपुरा लाकड़ी
मुरादाबाद,नगर निगम - 1-मुरादाबाद,27. Moradabad Rural,5-आशियाना
मुरादाबाद,नगर निगम - 1-मुरादाबाद,28. Moradabad Nagar,6-बगला गांव
मुरादाबाद,नगर निगम - 1-मुरादाबाद,27. Moradabad Rural,7-नयागांव
मुरादाबाद,नगर निगम - 1-मुरादाबाद,28. Moradabad Nagar,8-झाझनपुर
मुरादाबाद,नगर निगम - 1-मुरादाबाद,28. Moradabad Nagar,9-मानसरोवर
मुरादाबाद,नगर निगम - 1-मुरादाबाद,28. Moradabad Nagar,10-काजीपुरा
मुरादाबाद,नगर निगम - 1-मुरादाबाद,28. Moradabad Nagar,11-मौनाठेर
मुरादाबाद,नगर निगम - 1-मुरादाबाद,28. Moradabad Nagar,12-देहरी गांव
मुरादाबाद,नगर निगम - 1-मुरादाबाद,28. Moradabad Nagar,13-सिविल लाइन्स
मुरादाबाद,नगर निगम - 1-मुरादाबाद,28. Moradabad Nagar,14-ज्ञानी वाली बस्ती
मुरादाबाद,नगर निगम - 1-मुरादाबाद,28. Moradabad Nagar,15-मऊ
मुरादाबाद,नगर निगम - 1-मुरादाबाद,28. Moradabad Nagar,16-बुद्वि विहार - आवास विकास
मुरादाबाद,नगर निगम - 1-मुरादाबाद,28. Moradabad Nagar,17-चन्द्र नगर
मुरादाबाद,नगर निगम - 1-मुरादाबाद,27. Moradabad Rural,18-हरथला
मुरादाबाद,नगर निगम - 1-मुरादाबाद,28. Moradabad Nagar,19-अशोक नगर
मुरादाबाद,नगर निगम - 1-मुरादाबाद,28. Moradabad Nagar,20-भीमाठेर
मुरादाबाद,नगर निगम - 1-मुरादाबाद,28. Moradabad Nagar,21-लाजपत नगर
मुरादाबाद,नगर निगम - 1-मुरादाबाद,28. Moradabad Nagar,22-सूर्यनगर
मुरादाबाद,नगर निगम - 1-मुरादाबाद,27. Moradabad Rural,23-फाजलपुर
मुरादाबाद,नगर निगम - 1-मुरादाबाद,27. Moradabad Rural,24-पन्डित नगला
मुरादाबाद,नगर निगम - 1-मुरादाबाद,27. Moradabad Rural,25-चक्कर की मिलक
मुरादाबाद,नगर निगम - 1-मुरादाबाद,27. Moradabad Rural,26-कटघर
मुरादाबाद,नगर निगम - 1-मुरादाबाद,27. Moradabad Rural,27-लाल नगरी
मुरादाबाद,नगर निगम - 1-मुरादाबाद,28. Moradabad Nagar,28-प्रकाश नगर
मुरादाबाद,नगर निगम - 1-मुरादाबाद,28. Moradabad Nagar,29-हनुमान नगर
मुरादाबाद,नगर निगम - 1-मुरादाबाद,28. Moradabad Nagar,30-शिवनगर
मुरादाबाद,नगर निगम - 1-मुरादाबाद,28. Moradabad Nagar,31-जिगर कालोनी
मुरादाबाद,नगर निगम - 1-मुरादाबाद,28. Moradabad Nagar,32-कटरा पूरन जाट
मुरादाबाद,नगर निगम - 1-मुरादाबाद,28. Moradabad Nagar,33-भदौरा
मुरादाबाद,नगर निगम - 1-मुरादाबाद,28. Moradabad Nagar,35-पीरगैब
मुरादाबाद,नगर निगम - 1-मुरादाबाद,28. Moradabad Nagar,36-गुलाब बाडी
मुरादाबाद,नगर निगम - 1-मुरादाबाद,28. Moradabad Nagar,37-मझेला
मुरादाबाद,नगर निगम - 1-मुरादाबाद,28. Moradabad Nagar,38-बरवालान
मुरादाबाद,नगर निगम - 1-मुरादाबाद,27. Moradabad Rural,39-कानून गोयान
मुरादाबाद,नगर निगम - 1-मुरादाबाद,27. Moradabad Rural,40-नबाबपुरा
मुरादाबाद,नगर निगम - 1-मुरादाबाद,27. Moradabad Rural,41-असालतपुरा भूडा
मुरादाबाद,नगर निगम - 1-मुरादाबाद,27. Moradabad Rural,42-बारादरी
मुरादाबाद,नगर निगम - 1-मुरादाबाद,28. Moradabad Nagar,43-सीतापुरी
मुरादाबाद,नगर निगम - 1-मुरादाबाद,28. Moradabad Nagar,44-पीतल बस्ती
मुरादाबाद,नगर निगम - 1-मुरादाबाद,28. Moradabad Nagar,45-सिगमन हजारी
मुरादाबाद,नगर निगम - 1-मुरादाबाद,28. Moradabad Nagar,46-ईदगाह
मुरादाबाद,नगर निगम - 1-मुरादाबाद,28. Moradabad Nagar,47-सागर सराय
मुरादाबाद,नगर निगम - 1-मुरादाबाद,27. Moradabad Rural,48-उडपुरा
मुरादाबाद,नगर निगम - 1-मुरादाबाद,27. Moradabad Rural,49-डहरिया
मुरादाबाद,नगर निगम - 1-मुरादाबाद,27. Moradabad Rural,50-दौलत बाग
मुरादाबाद,नगर निगम - 1-मुरादाबाद,27. Moradabad Rural,51-रहमत नगर
मुरादाबाद,नगर निगम - 1-मुरादाबाद,27. Moradabad Rural,52-जाहिद नगर
मुरादाबाद,नगर निगम - 1-मुरादाबाद,27. Moradabad Rural,53-जयन्तीपुर
मुरादाबाद,नगर निगम - 1-मुरादाबाद,28. Moradabad Nagar,54-चौमुखापुल
मुरादाबाद,नगर निगम - 1-मुरादाबाद,27. Moradabad Rural,55-लालबाग
मुरादाबाद,नगर निगम - 1-मुरादाबाद,27. Moradabad Rural,56-कटरा बंशीधर
मुरादाबाद,नगर निगम - 1-मुरादाबाद,27. Moradabad Rural,58-मकबरा
मुरादाबाद,नगर निगम - 1-मुरादाबाद,27. Moradabad Rural,59-असालतपुरा
मुरादाबाद,नगर निगम - 1-मुरादाबाद,28. Moradabad Nagar,60-गान्धी नगर
मुरादाबाद,नगर निगम - 1-मुरादाबाद,27. Moradabad Rural,61-कटार शहीद
मुरादाबाद,नगर निगम - 1-मुरादाबाद,27. Moradabad Rural,62-मुफती टोला
मुरादाबाद,नगर निगम - 1-मुरादाबाद,27. Moradabad Rural,63-जामा मस्जिद
मुरादाबाद,नगर निगम - 1-मुरादाबाद,27. Moradabad Rural,64-किसरौल
मुरादाबाद,नगर निगम - 1-मुरादाबाद,27. Moradabad Rural,65-लाकडी बालान
मुरादाबाद,नगर निगम - 1-मुरादाबाद,27. Moradabad Rural,66-मुगलपुरा
मुरादाबाद,नगर निगम - 1-मुरादाबाद,28. Moradabad Nagar,67-तम्बाकू बालान
मुरादाबाद,नगर निगम - 1-मुरादाबाद,27. Moradabad Rural,68-बाडा शाह शफा
मुरादाबाद,नगर निगम - 1-मुरादाबाद,27. Moradabad Rural,69-आजाद नगर
मुरादाबाद,नगर निगम - 1-मुरादाबाद,27. Moradabad Rural,70-मुकर्रबपुर
मेरठ,नगर निगम - 1-मेरठ,49. Meerut South,1-नई बस्ती लल्लापुरा
मेरठ,नगर निगम - 1-मेरठ,49. Meerut South,2-मलियाना
मेरठ,नगर निगम - 1-मेरठ,48. Meerut City,3-भगवतपुरा
मेरठ,नगर निगम - 1-मेरठ,49. Meerut South,4-शेरगढ़ी
मेरठ,नगर निगम - 1-मेरठ,47. Meerut Cantt,5-शिवलोकपुरी
मेरठ,नगर निगम - 1-मेरठ,49. Meerut South,6-मोहकमपुर
मेरठ,नगर निगम - 1-मेरठ,49. Meerut South,7-पीलना सोफीपुरा
मेरठ,नगर निगम - 1-मेरठ,48. Meerut City,8-लिसाडी
मेरठ,नगर निगम - 1-मेरठ,47. Meerut Cantt,9-कासमपुर
मेरठ,नगर निगम - 1-मेरठ,49. Meerut South,10-काशी
मेरठ,नगर निगम - 1-मेरठ,49. Meerut South,11-शिवपुरम
मेरठ,नगर निगम - 1-मेरठ,47. Meerut Cantt,12-शोभापुर
मेरठ,नगर निगम - 1-मेरठ,49. Meerut South,13-जयभीम नगर
मेरठ,नगर निगम - 1-मेरठ,48. Meerut City,14-जागृति विहार सं0. 8
मेरठ,नगर निगम - 1-मेरठ,47. Meerut Cantt,15-मुल्तान नगर
मेरठ,नगर निगम - 1-मेरठ,48. Meerut City,16-अजन्ता कालौनी
मेरठ,नगर निगम - 1-मेरठ,47. Meerut Cantt,17-अब्दुल्लापुर
मेरठ,नगर निगम - 1-मेरठ,49. Meerut South,18-सरायकाजी
मेरठ,नगर निगम - 1-मेरठ,47. Meerut Cantt,19-दायमपुर
मेरठ,नगर निगम - 1-मेरठ,47. Meerut Cantt,20-कसेरुखेड़ा
मेरठ,नगर निगम - 1-मेरठ,47. Meerut Cantt,21-तुलसी कॉलोनी
मेरठ,नगर निगम - 1-मेरठ,49. Meerut South,22-गोलाबढ
मेरठ,नगर निगम - 1-मेरठ,47. Meerut Cantt,23-सुभाष पुरी
मेरठ,नगर निगम - 1-मेरठ,47. Meerut Cantt,24-कसेरूबक्सर
मेरठ,नगर निगम - 1-मेरठ,47. Meerut Cantt,25-अनुप नगर फाजलपुर
मेरठ,नगर निगम - 1-मेरठ,47. Meerut Cantt,27-पल्लवपुरम फेज.1
मेरठ,नगर निगम - 1-मेरठ,49. Meerut South,28-रिठानी
मेरठ,नगर निगम - 1-मेरठ,47. Meerut Cantt,29-सुभाष नगर
मेरठ,नगर निगम - 1-मेरठ,47. Meerut Cantt,30-मोदीपुरम
मेरठ,नगर निगम - 1-मेरठ,49. Meerut South,31-शताब्दी नगर
मेरठ,नगर निगम - 1-मेरठ,47. Meerut Cantt,32-सिविल लाईन
मेरठ,नगर निगम - 1-मेरठ,49. Meerut South,33-काजीपुर
मेरठ,नगर निगम - 1-मेरठ,49. Meerut South,34-शिव शक्ति नगर
मेरठ,नगर निगम - 1-मेरठ,49. Meerut South,35-हाफिजाबाद मेवला
मेरठ,नगर निगम - 1-मेरठ,49. Meerut South,36-बुढेरा जाहिद पुर
मेरठ,नगर निगम - 1-मेरठ,47. Meerut Cantt,37-गंगानगर
मेरठ,नगर निगम - 1-मेरठ,47. Meerut Cantt,38-खडौली
मेरठ,नगर निगम - 1-मेरठ,48. Meerut City,39-ब्रहमपुरी प0
मेरठ,नगर निगम - 1-मेरठ,47. Meerut Cantt,40-जटौली
मेरठ,नगर निगम - 1-मेरठ,47. Meerut Cantt,41-नगला ताशी
मेरठ,नगर निगम - 1-मेरठ,48. Meerut City,42-जैन नगर
मेरठ,नगर निगम - 1-मेरठ,48. Meerut City,43-ब्रहमपुरी पूर्वी
मेरठ,नगर निगम - 1-मेरठ,47. Meerut Cantt,44-मोहनपुरी
मेरठ,नगर निगम - 1-मेरठ,47. Meerut Cantt,45-जागृति विहार सेक्टर 3
मेरठ,नगर निगम - 1-मेरठ,47. Meerut Cantt,46-यादगारपुर
मेरठ,नगर निगम - 1-मेरठ,48. Meerut City,47-शाहपीर गेट
मेरठ,नगर निगम - 1-मेरठ,48. Meerut City,48-माधव पुरम
मेरठ,नगर निगम - 1-मेरठ,48. Meerut City,49-पुर्वा महावीर
मेरठ,नगर निगम - 1-मेरठ,47. Meerut Cantt,50-नगला बटटू
मेरठ,नगर निगम - 1-मेरठ,47. Meerut Cantt,51-साबुन गोदाम
मेरठ,नगर निगम - 1-मेरठ,49. Meerut South,53-शास्त्री नगर स्कीम न0 7 सेक्टर 3
मेरठ,नगर निगम - 1-मेरठ,48. Meerut City,54-पुर्वा ईलाही बक्स
मेरठ,नगर निगम - 1-मेरठ,48. Meerut City,55-फतेहउल्लापुर
मेरठ,नगर निगम - 1-मेरठ,48. Meerut City,56-प्रहलाद नगर
मेरठ,नगर निगम - 1-मेरठ,47. Meerut Cantt,57-पल्लवपुरम फेज.2
मेरठ,नगर निगम - 1-मेरठ,48. Meerut City,58-सूरजकुण्ड रोड
मेरठ,नगर निगम - 1-मेरठ,48. Meerut City,59-जयदेवी नगर
मेरठ,नगर निगम - 1-मेरठ,48. Meerut City,60-फूलबाग कालोनी
मेरठ,नगर निगम - 1-मेरठ,47. Meerut Cantt,61-शास्त्री नगर. एल0 2
मेरठ,नगर निगम - 1-मेरठ,49. Meerut South,62-इन्द्रानगर
मेरठ,नगर निगम - 1-मेरठ,47. Meerut Cantt,63-एल ब्लाक शास्त्री नगर
मेरठ,नगर निगम - 1-मेरठ,47. Meerut Cantt,64-उत्तरी पटेल नगर.थापर नगर
मेरठ,नगर निगम - 1-मेरठ,48. Meerut City,65-खैरनगर
मेरठ,नगर निगम - 1-मेरठ,47. Meerut Cantt,66-सराय बहलीम
मेरठ,नगर निगम - 1-मेरठ,47. Meerut Cantt,67-कैलाश पुरी
मेरठ,नगर निगम - 1-मेरठ,48. Meerut City,68-मकबरा डिग्गी
मेरठ,नगर निगम - 1-मेरठ,48. Meerut City,69-सराय लाल दास
मेरठ,नगर निगम - 1-मेरठ,49. Meerut South,70-ईस्माइलनगर
मेरठ,नगर निगम - 1-मेरठ,49. Meerut South,71-दक्षिणी इस्लामाबाद
मेरठ,नगर निगम - 1-मेरठ,49. Meerut South,72-पुर्वी इस्लामाबाद
मेरठ,नगर निगम - 1-मेरठ,49. Meerut South,73-मन्जूर नगर
मेरठ,नगर निगम - 1-मेरठ,49. Meerut South,74-पुर्वाफय्याजअली
मेरठ,नगर निगम - 1-मेरठ,49. Meerut South,75-शाहजहां कॉलोनी
मेरठ,नगर निगम - 1-मेरठ,48. Meerut City,76-श्यामनगर पश्चिमी
मेरठ,नगर निगम - 1-मेरठ,48. Meerut City,77-लक्खीपुरा
मेरठ,नगर निगम - 1-मेरठ,48. Meerut City,79-किदवई नगर
मेरठ,नगर निगम - 1-मेरठ,48. Meerut City,80-करीम नगर
मेरठ,नगर निगम - 1-मेरठ,48. Meerut City,81-तारापुरी
मेरठ,नगर निगम - 1-मेरठ,48. Meerut City,82-फखरुद्दीन अली अहमद नगर पूर्वी
मेरठ,नगर निगम - 1-मेरठ,48. Meerut City,83-फखरुद्दीन अली अहमद नगर पश्चिमी प्रथम
मेरठ,नगर निगम - 1-मेरठ,48. Meerut City,84-फखरुद्दीन अली अहमद नगर पश्चिमी- द्वितीय
मेरठ,नगर निगम - 1-मेरठ,49. Meerut South,85-जाकिर हुसैन कॉलोनी
मेरठ,नगर निगम - 1-मेरठ,49. Meerut South,86-जाकिर हुसैन कॉलोनी उत्तरी
मेरठ,नगर निगम - 1-मेरठ,49. Meerut South,87-जाकिर हुसैन कॉलोनी दक्षिणी
मेरठ,नगर निगम - 1-मेरठ,48. Meerut City,88-श्यामनगर पूर्वी
मेरठ,नगर निगम - 1-मेरठ,49. Meerut South,89-रशीद नगर
मेरठ,नगर निगम - 1-मेरठ,49. Meerut South,90-फिरोज नगर
लखनऊ,नगर निगम - 1-लखनऊ,170. Sarojini Nagar,1-श्रद्धेय अटल बिहारी बाजपेई
लखनऊ,नगर निगम - 1-लखनऊ,170. Sarojini Nagar,2-शारदा नगर द्वितीय वार्ड
लखनऊ,नगर निगम - 1-लखनऊ,170. Sarojini Nagar,3-इब्राहिमपुर द्वितीय
लखनऊ,नगर निगम - 1-लखनऊ,170. Sarojini Nagar,4-इब्राहिमपुर प्रथम
लखनऊ,नगर निगम - 1-लखनऊ,170. Sarojini Nagar,5-राजा बिजली पासी द्वितीय
लखनऊ,नगर निगम - 1-लखनऊ,170. Sarojini Nagar,6-राजा बिजली पासी प्रथम वार्ड
लखनऊ,नगर निगम - 1-लखनऊ,170. Sarojini Nagar,7-मा0 लाल जी टण्डन
लखनऊ,नगर निगम - 1-लखनऊ,170. Sarojini Nagar,8-अम्बेडकर नगर वार्ड
लखनऊ,नगर निगम - 1-लखनऊ,170. Sarojini Nagar,9-मा0 कल्याण सिंह
लखनऊ,नगर निगम - 1-लखनऊ,170. Sarojini Nagar,10-सरोजनी नगर प्रथम
लखनऊ,नगर निगम - 1-लखनऊ,169. Bakshi Ka Talab,11-शहीद भगत सिंह द्वितीय
लखनऊ,नगर निगम - 1-लखनऊ,170. Sarojini Nagar,12-खरगापुर सरसवां
लखनऊ,नगर निगम - 1-लखनऊ,169. Bakshi Ka Talab,13-शहीद भगत सिंह प्रथम
लखनऊ,नगर निगम - 1-लखनऊ,169. Bakshi Ka Talab,14-भरवारा मल्हौर
लखनऊ,नगर निगम - 1-लखनऊ,170. Sarojini Nagar,15-लाल बहादुर शास्त्री प्रथम
लखनऊ,नगर निगम - 1-लखनऊ,170. Sarojini Nagar,16-फैजुल्लागंज चतुर्थ वार्ड
लखनऊ,नगर निगम - 1-लखनऊ,170. Sarojini Nagar,17-महात्मा गांधी - विक्रमादित्य वार्ड
लखनऊ,नगर निगम - 1-लखनऊ,170. Sarojini Nagar,18-सरोजनी नगर द्वितीय
लखनऊ,नगर निगम - 1-लखनऊ,170. Sarojini Nagar,19-शारदा नगर प्रथम
लखनऊ,नगर निगम - 1-लखनऊ,171. Lucknow West,20-न्यू हैदरगंज तृतीय वार्ड
लखनऊ,नगर निगम - 1-लखनऊ,174. Lucknow Central,21-मालवीय नगर वार्ड
लखनऊ,नगर निगम - 1-लखनऊ,169. Bakshi Ka Talab,22-जानकीपुरम तृतीय
लखनऊ,नगर निगम - 1-लखनऊ,175. Lucknow Cantt,23-गुरूनानक नगर
लखनऊ,नगर निगम - 1-लखनऊ,174. Lucknow Central,24-सआदतगंज वार्ड
लखनऊ,नगर निगम - 1-लखनऊ,175. Lucknow Cantt,25-बाबू कुंज बिहारी - ओमनगर
लखनऊ,नगर निगम - 1-लखनऊ,173. Lucknow East,26-ऐशबाग वार्ड
लखनऊ,नगर निगम - 1-लखनऊ,171. Lucknow West,27-बालागंज
लखनऊ,नगर निगम - 1-लखनऊ,171. Lucknow West,28-राम मोहन राय
लखनऊ,नगर निगम - 1-लखनऊ,175. Lucknow Cantt,29-खरिका द्वितीय वार्ड
लखनऊ,नगर निगम - 1-लखनऊ,175. Lucknow Cantt,30-खरिका प्रथम वार्ड
लखनऊ,नगर निगम - 1-लखनऊ,172. Lucknow North,31-जानकी पुरम प्रथम
लखनऊ,नगर निगम - 1-लखनऊ,171. Lucknow West,32-आलम नगर वार्ड
लखनऊ,नगर निगम - 1-लखनऊ,175. Lucknow Cantt,33-लालकुंआ
लखनऊ,नगर निगम - 1-लखनऊ,174. Lucknow Central,34-हजरतगंज-रामतीर्थ वार्ड
लखनऊ,नगर निगम - 1-लखनऊ,170. Sarojini Nagar,35-हिन्द नगर
लखनऊ,नगर निगम - 1-लखनऊ,175. Lucknow Cantt,36-केशरी खेडा वार्ड
लखनऊ,नगर निगम - 1-लखनऊ,172. Lucknow North,37-गोमती नगर
लखनऊ,नगर निगम - 1-लखनऊ,171. Lucknow West,38-कन्हैया माधवपुर द्वितीय वार्ड
लखनऊ,नगर निगम - 1-लखनऊ,171. Lucknow West,39-न्यू हैदरगंज द्वितीय
लखनऊ,नगर निगम - 1-लखनऊ,173. Lucknow East,40-इन्दिरा प्रियदर्शनी वार्ड
लखनऊ,नगर निगम - 1-लखनऊ,175. Lucknow Cantt,41-रामजी लाल नगर-सरदार पटेल नगर वार्ड
लखनऊ,नगर निगम - 1-लखनऊ,173. Lucknow East,42-शंकरपुरवा द्वितीय वार्ड
लखनऊ,नगर निगम - 1-लखनऊ,169. Bakshi Ka Talab,43-इस्माईलगंज वार्ड द्वितीय
लखनऊ,नगर निगम - 1-लखनऊ,171. Lucknow West,44-फैजुल्लागंज द्वितीय
लखनऊ,नगर निगम - 1-लखनऊ,175. Lucknow Cantt,45-गुरूगोविन्द सिंह
लखनऊ,नगर निगम - 1-लखनऊ,171. Lucknow West,46-कुंवर ज्योति प्रसाद वार्ड
लखनऊ,नगर निगम - 1-लखनऊ,172. Lucknow North,47-डालीगंज-निरालानगर वार्ड
लखनऊ,नगर निगम - 1-लखनऊ,172. Lucknow North,48-फैजुल्लागंज प्रथम
लखनऊ,नगर निगम - 1-लखनऊ,172. Lucknow North,49-महाकवि जय शंकर प्रसाद वार्ड
लखनऊ,नगर निगम - 1-लखनऊ,169. Bakshi Ka Talab,50-चिनहट प्रथम वार्ड
लखनऊ,नगर निगम - 1-लखनऊ,173. Lucknow East,51-इस्माईलगंज वार्ड प्रथम
लखनऊ,नगर निगम - 1-लखनऊ,171. Lucknow West,52-कन्हैया माधवपुर प्रथम वार्ड
लखनऊ,नगर निगम - 1-लखनऊ,173. Lucknow East,53-महानगर
लखनऊ,नगर निगम - 1-लखनऊ,175. Lucknow Cantt,54-गीतापल्ली वार्ड
लखनऊ,नगर निगम - 1-लखनऊ,174. Lucknow Central,55-रानी लक्ष्मी बाई वार्ड
लखनऊ,नगर निगम - 1-लखनऊ,175. Lucknow Cantt,56-विद्यावती द्वितीय
लखनऊ,नगर निगम - 1-लखनऊ,175. Lucknow Cantt,57-बाबू बनारसी दास वार्ड
लखनऊ,नगर निगम - 1-लखनऊ,175. Lucknow Cantt,58-मोतीलाल नेहरू नगर-चन्द्रभानु गुप्त नगर
लखनऊ,नगर निगम - 1-लखनऊ,173. Lucknow East,59-काल्विन कालेज -निशांतगंज वार्ड
लखनऊ,नगर निगम - 1-लखनऊ,175. Lucknow Cantt,60-विद्यावती तृतीय वार्ड
लखनऊ,नगर निगम - 1-लखनऊ,174. Lucknow Central,61-तिलक नगर-कुण्डरी रकाबगंज वार्ड
लखनऊ,नगर निगम - 1-लखनऊ,174. Lucknow Central,62-रफी अहमद किदवई वार्ड
लखनऊ,नगर निगम - 1-लखनऊ,174. Lucknow Central,63-अयोध्यादास द्वितीय वार्ड
लखनऊ,नगर निगम - 1-लखनऊ,175. Lucknow Cantt,64-विद्यावती प्रथम
लखनऊ,नगर निगम - 1-लखनऊ,171. Lucknow West,65-चित्रगुप्त नगर वार्ड
लखनऊ,नगर निगम - 1-लखनऊ,169. Bakshi Ka Talab,66-चिनहट द्वितीय वार्ड
लखनऊ,नगर निगम - 1-लखनऊ,172. Lucknow North,67-लाला लाजपत राय वार्ड
लखनऊ,नगर निगम - 1-लखनऊ,173. Lucknow East,68-बाबू जगजीवन राम वार्ड
लखनऊ,नगर निगम - 1-लखनऊ,174. Lucknow Central,69-जगदीश चन्द्र बोस वार्ड
लखनऊ,नगर निगम - 1-लखनऊ,174. Lucknow Central,70-पेपर मिल कालोनी
लखनऊ,नगर निगम - 1-लखनऊ,172. Lucknow North,71-मनकामेश्वर मन्दिर
लखनऊ,नगर निगम - 1-लखनऊ,174. Lucknow Central,72-शंकरपुरवा तृतीय वार्ड
लखनऊ,नगर निगम - 1-लखनऊ,172. Lucknow North,73-फैजुल्लागंज तृतीय वार्ड
लखनऊ,नगर निगम - 1-लखनऊ,172. Lucknow North,74-जानकी पुरम द्वितीय
लखनऊ,नगर निगम - 1-लखनऊ,169. Bakshi Ka Talab,75-भारतेन्दु हरिश्चन्द्र वार्ड
लखनऊ,नगर निगम - 1-लखनऊ,174. Lucknow Central,76-राजीव गांधी प्रथम
लखनऊ,नगर निगम - 1-लखनऊ,173. Lucknow East,77-मैथली शरण गुप्त वार्ड
लखनऊ,नगर निगम - 1-लखनऊ,171. Lucknow West,78-लेबर कालोनी वार्ड
लखनऊ,नगर निगम - 1-लखनऊ,171. Lucknow West,79-राजाजीपुरम वार्ड
लखनऊ,नगर निगम - 1-लखनऊ,173. Lucknow East,80-इन्दिरा नगर वार्ड
लखनऊ,नगर निगम - 1-लखनऊ,172. Lucknow North,81-मल्लाही टोला द्वितीय
लखनऊ,नगर निगम - 1-लखनऊ,172. Lucknow North,82-त्रिवेणी नगर वार्ड
लखनऊ,नगर निगम - 1-लखनऊ,171. Lucknow West,83-न्यू हैदरगंज प्रथम
लखनऊ,नगर निगम - 1-लखनऊ,174. Lucknow Central,84-कदम रसूल वार्ड
लखनऊ,नगर निगम - 1-लखनऊ,171. Lucknow West,85-मल्लाही टोला प्रथम
लखनऊ,नगर निगम - 1-लखनऊ,172. Lucknow North,86-लोहिया नगर वार्ड
लखनऊ,नगर निगम - 1-लखनऊ,174. Lucknow Central,87-गोला गंज
लखनऊ,नगर निगम - 1-लखनऊ,172. Lucknow North,88-बशीरत गंज -गणेश गंज वार्ड
लखनऊ,नगर निगम - 1-लखनऊ,171. Lucknow West,89-शीतला देवी वार्ड
लखनऊ,नगर निगम - 1-लखनऊ,172. Lucknow North,90-राजेन्द्र नगर
लखनऊ,नगर निगम - 1-लखनऊ,174. Lucknow Central,91-विवेका नन्द पुरी वार्ड
लखनऊ,नगर निगम - 1-लखनऊ,172. Lucknow North,92-शंकरपुरवा प्रथम वार्ड
लखनऊ,नगर निगम - 1-लखनऊ,172. Lucknow North,93-हुसैना बाद वार्ड
लखनऊ,नगर निगम - 1-लखनऊ,172. Lucknow North,94-दौलतगंज वार्ड
लखनऊ,नगर निगम - 1-लखनऊ,174. Lucknow Central,95-मौलवीगंज वार्ड
लखनऊ,नगर निगम - 1-लखनऊ,173. Lucknow East,96-लाल बहादुर शास्त्री वार्ड द्वितीय
लखनऊ,नगर निगम - 1-लखनऊ,171. Lucknow West,97-गढी पीर खां वार्ड
लखनऊ,नगर निगम - 1-लखनऊ,174. Lucknow Central,98-नजरबाग - यदुनाथ सान्याल
लखनऊ,नगर निगम - 1-लखनऊ,171. Lucknow West,99-आचार्य नरेन्द्र देव वार्ड
लखनऊ,नगर निगम - 1-लखनऊ,169. Bakshi Ka Talab,100-राजीव गांधी द्वितीय
लखनऊ,नगर निगम - 1-लखनऊ,171. Lucknow West,101-अम्बर गंज वार्ड
लखनऊ,नगर निगम - 1-लखनऊ,171. Lucknow West,102-मौलाना कल्बे आबिद
लखनऊ,नगर निगम - 1-लखनऊ,171. Lucknow West,103-मशकगंज-वजीरगंज वार्ड
लखनऊ,नगर निगम - 1-लखनऊ,174. Lucknow Central,104-यहियागंज-नेता सुभाष चन्द्र बोस वार्ड
लखनऊ,नगर निगम - 1-लखनऊ,175. Lucknow Cantt,105-काश्मीरी मोहल्ला वार्ड
लखनऊ,नगर निगम - 1-लखनऊ,171. Lucknow West,106-चौक बाजार कालीजी
लखनऊ,नगर निगम - 1-लखनऊ,175. Lucknow Cantt,107-राजा बाजार वार्ड
लखनऊ,नगर निगम - 1-लखनऊ,171. Lucknow West,108-भवानी गंज वार्ड
लखनऊ,नगर निगम - 1-लखनऊ,174. Lucknow Central,109-अलीगंज शेखापुर
लखनऊ,नगर निगम - 1-लखनऊ,172. Lucknow North,110-अयोध्या दास प्रथम वार्ड
वाराणसी,नगर निगम - 1-वाराणसी,388. Varanasi North,1-लहरतारा
वाराणसी,नगर निगम - 1-वाराणसी,388. Varanasi North,2-सिकरौल
वाराणसी,नगर निगम - 1-वाराणसी,386. Shivpur,3-फुलवरिया
वाराणसी,नगर निगम - 1-वाराणसी,390. Varanasi Cantt,4-शिवदासपुर
वाराणसी,नगर निगम - 1-वाराणसी,386. Shivpur,5-सलारपुर
वाराणसी,नगर निगम - 1-वाराणसी,386. Shivpur,6-मण्डुवाडीह
वाराणसी,नगर निगम - 1-वाराणसी,390. Varanasi Cantt,7-छित्तुपुर (लोको छित्तुपुर)
वाराणसी,नगर निगम - 1-वाराणसी,386. Shivpur,8-दीनापुर
वाराणसी,नगर निगम - 1-वाराणसी,386. Shivpur,9-शिवपुर
वाराणसी,नगर निगम - 1-वाराणसी,390. Varanasi Cantt,10-शिवपुरवा
वाराणसी,नगर निगम - 1-वाराणसी,388. Varanasi North,11-हुकुलगंज
वाराणसी,नगर निगम - 1-वाराणसी,389. Varanasi South,12-गोलाघाट रामनगर
वाराणसी,नगर निगम - 1-वाराणसी,390. Varanasi Cantt,13-रामपुर रामनगर
वाराणसी,नगर निगम - 1-वाराणसी,388. Varanasi North,14-गनेशपुर
वाराणसी,नगर निगम - 1-वाराणसी,390. Varanasi Cantt,15-राजघाट
वाराणसी,नगर निगम - 1-वाराणसी,388. Varanasi North,16-सरसौली
वाराणसी,नगर निगम - 1-वाराणसी,386. Shivpur,17-सन्दहा
वाराणसी,नगर निगम - 1-वाराणसी,390. Varanasi Cantt,18-नई बस्ती
वाराणसी,नगर निगम - 1-वाराणसी,386. Shivpur,19-कन्दवा
वाराणसी,नगर निगम - 1-वाराणसी,386. Shivpur,20-लोढ़ान
वाराणसी,नगर निगम - 1-वाराणसी,389. Varanasi South,21-तरना
वाराणसी,नगर निगम - 1-वाराणसी,390. Varanasi Cantt,22-नगवां
वाराणसी,नगर निगम - 1-वाराणसी,387. Rohaniya,23-सीरगोबर्धनपुर
वाराणसी,नगर निगम - 1-वाराणसी,386. Shivpur,24-रमदत्तपुर
वाराणसी,नगर निगम - 1-वाराणसी,389. Varanasi South,25-दुर्गाकुण्ड
वाराणसी,नगर निगम - 1-वाराणसी,390. Varanasi Cantt,26-नेवादा
वाराणसी,नगर निगम - 1-वाराणसी,389. Varanasi South,27-जोल्हा दक्षिणी
वाराणसी,नगर निगम - 1-वाराणसी,388. Varanasi North,28-सरायनन्दन
वाराणसी,नगर निगम - 1-वाराणसी,390. Varanasi Cantt,29-तुलसीपुर
वाराणसी,नगर निगम - 1-वाराणसी,390. Varanasi Cantt,30-पाण्डेयपुर
वाराणसी,नगर निगम - 1-वाराणसी,388. Varanasi North,31-नरायनपुर
वाराणसी,नगर निगम - 1-वाराणसी,386. Shivpur,32-लेढ़ूपुर
वाराणसी,नगर निगम - 1-वाराणसी,387. Rohaniya,33-करौंदी
वाराणसी,नगर निगम - 1-वाराणसी,390. Varanasi Cantt,34-नदेसर
वाराणसी,नगर निगम - 1-वाराणसी,388. Varanasi North,35-राजाबाजार
वाराणसी,नगर निगम - 1-वाराणसी,388. Varanasi North,36-चौकाघाट
वाराणसी,नगर निगम - 1-वाराणसी,388. Varanasi North,37-दनियालपुर
वाराणसी,नगर निगम - 1-वाराणसी,387. Rohaniya,38-ककरमत्ता
वाराणसी,नगर निगम - 1-वाराणसी,389. Varanasi South,39-सुसुवाही
वाराणसी,नगर निगम - 1-वाराणसी,389. Varanasi South,40-चेतगंज
वाराणसी,नगर निगम - 1-वाराणसी,388. Varanasi North,41-अकथा
वाराणसी,नगर निगम - 1-वाराणसी,387. Rohaniya,42-मड़ौली
वाराणसी,नगर निगम - 1-वाराणसी,389. Varanasi South,43-पिशाचमोचन
वाराणसी,नगर निगम - 1-वाराणसी,386. Shivpur,44-सारनाथ
वाराणसी,नगर निगम - 1-वाराणसी,390. Varanasi Cantt,45-जोल्हा उत्तरी
वाराणसी,नगर निगम - 1-वाराणसी,388. Varanasi North,46-पहड़िया
वाराणसी,नगर निगम - 1-वाराणसी,390. Varanasi Cantt,47-बिरदोपुर
वाराणसी,नगर निगम - 1-वाराणसी,390. Varanasi Cantt,48-सूजाबाद
वाराणसी,नगर निगम - 1-वाराणसी,386. Shivpur,49-पिसौर
वाराणसी,नगर निगम - 1-वाराणसी,390. Varanasi Cantt,50-सुन्दरपुर
वाराणसी,नगर निगम - 1-वाराणसी,390. Varanasi Cantt,51-भेलूपुर
वाराणसी,नगर निगम - 1-वाराणसी,386. Shivpur,52-लोहता
वाराणसी,नगर निगम - 1-वाराणसी,390. Varanasi Cantt,53-सिगरा
वाराणसी,नगर निगम - 1-वाराणसी,390. Varanasi Cantt,54-नरिया
वाराणसी,नगर निगम - 1-वाराणसी,389. Varanasi South,55-प्रहलादघाट
वाराणसी,नगर निगम - 1-वाराणसी,386. Shivpur,56-लालपुर मीरापुर बसहीं
वाराणसी,नगर निगम - 1-वाराणसी,387. Rohaniya,57-छित्तुपुर खास
वाराणसी,नगर निगम - 1-वाराणसी,388. Varanasi North,58-खजुरी
वाराणसी,नगर निगम - 1-वाराणसी,388. Varanasi North,59-रमरेपुर
वाराणसी,नगर निगम - 1-वाराणसी,388. Varanasi North,60-अलईपुर
वाराणसी,नगर निगम - 1-वाराणसी,388. Varanasi North,61-जगतगंज
वाराणसी,नगर निगम - 1-वाराणसी,388. Varanasi North,62-डिठोरी महाल
वाराणसी,नगर निगम - 1-वाराणसी,388. Varanasi North,63-जलालीपुरा
वाराणसी,नगर निगम - 1-वाराणसी,388. Varanasi North,64-लल्लापुरा खुर्द
वाराणसी,नगर निगम - 1-वाराणसी,390. Varanasi Cantt,65-पुराना रामनगर
वाराणसी,नगर निगम - 1-वाराणसी,389. Varanasi South,66-मध्यमेश्वर
वाराणसी,नगर निगम - 1-वाराणसी,389. Varanasi South,67-हनुमान फाटक
वाराणसी,नगर निगम - 1-वाराणसी,389. Varanasi South,68-कोनिया
वाराणसी,नगर निगम - 1-वाराणसी,389. Varanasi South,69-आदि विशेश्वर
वाराणसी,नगर निगम - 1-वाराणसी,389. Varanasi South,70-रानीपुर
वाराणसी,नगर निगम - 1-वाराणसी,390. Varanasi Cantt,71-बजरडीहा
वाराणसी,नगर निगम - 1-वाराणसी,389. Varanasi South,72-घसियारी टोला
वाराणसी,नगर निगम - 1-वाराणसी,389. Varanasi South,73-ईश्वरगंगी
वाराणसी,नगर निगम - 1-वाराणसी,390. Varanasi Cantt,74-बागहाड़ा
वाराणसी,नगर निगम - 1-वाराणसी,388. Varanasi North,75-शिवाला
वाराणसी,नगर निगम - 1-वाराणसी,390. Varanasi Cantt,76-भगवानपुर
वाराणसी,नगर निगम - 1-वाराणसी,390. Varanasi Cantt,77-काजीपुरा
वाराणसी,नगर निगम - 1-वाराणसी,390. Varanasi Cantt,78-बाझड़ा
वाराणसी,नगर निगम - 1-वाराणसी,389. Varanasi South,79-बिन्दु माधव
वाराणसी,नगर निगम - 1-वाराणसी,389. Varanasi South,80-ओमकालेश्वर
वाराणसी,नगर निगम - 1-वाराणसी,389. Varanasi South,81-कृतिवाशेश्वर
वाराणसी,नगर निगम - 1-वाराणसी,389. Varanasi South,82-सूर्यकुण्ड
वाराणसी,नगर निगम - 1-वाराणसी,389. Varanasi South,83-पियरी कला
वाराणसी,नगर निगम - 1-वाराणसी,389. Varanasi South,84-गोला दीनानाथ
वाराणसी,नगर निगम - 1-वाराणसी,388. Varanasi North,85-धूपचण्डी
वाराणसी,नगर निगम - 1-वाराणसी,389. Varanasi South,86-पितृकुण्ड
वाराणसी,नगर निगम - 1-वाराणसी,388. Varanasi North,87-सरैया
वाराणसी,नगर निगम - 1-वाराणसी,389. Varanasi South,88-बलुआबीर
वाराणसी,नगर निगम - 1-वाराणसी,390. Varanasi Cantt,89-जंगमबाड़ी
वाराणसी,नगर निगम - 1-वाराणसी,390. Varanasi Cantt,90-रामापुरा
वाराणसी,नगर निगम - 1-वाराणसी,390. Varanasi Cantt,91-बंगालीटोला
वाराणसी,नगर निगम - 1-वाराणसी,388. Varanasi North,92-लल्लापुरा कला
वाराणसी,नगर निगम - 1-वाराणसी,389. Varanasi South,93-बागेश्वरी देवी
वाराणसी,नगर निगम - 1-वाराणसी,389. Varanasi South,94-कमलगढ़हा
वाराणसी,नगर निगम - 1-वाराणसी,388. Varanasi North,95-काजी सादुल्लापुरा
वाराणसी,नगर निगम - 1-वाराणसी,389. Varanasi South,96-दशाश्वमेध
वाराणसी,नगर निगम - 1-वाराणसी,389. Varanasi South,97-कालभैरव
वाराणसी,नगर निगम - 1-वाराणसी,388. Varanasi North,98-जमालुद्दीनपुरा
वाराणसी,नगर निगम - 1-वाराणसी,389. Varanasi South,99-बन्धु कच्चीबाग
वाराणसी,नगर निगम - 1-वाराणसी,388. Varanasi North,100-कमालपुरा
शाहजहांपुर,नगर निगम - 3-शाहजहॉपुर,135. Shahjahanpur,1-चर्च कालोनी रौजा
शाहजहांपुर,नगर निगम - 3-शाहजहॉपुर,135. Shahjahanpur,2-बहादुर पुरा
शाहजहांपुर,नगर निगम - 3-शाहजहॉपुर,135. Shahjahanpur,3-लोधीपुर
शाहजहांपुर,नगर निगम - 3-शाहजहॉपुर,135. Shahjahanpur,4-सरायकाईयां
शाहजहांपुर,नगर निगम - 3-शाहजहॉपुर,135. Shahjahanpur,5-चिनौर
शाहजहांपुर,नगर निगम - 3-शाहजहॉपुर,135. Shahjahanpur,6-अजीजगंज
शाहजहांपुर,नगर निगम - 3-शाहजहॉपुर,135. Shahjahanpur,7-खलीलशर्की
शाहजहांपुर,नगर निगम - 3-शाहजहॉपुर,135. Shahjahanpur,8-बृजविहार कालोनी
शाहजहांपुर,नगर निगम - 3-शाहजहॉपुर,135. Shahjahanpur,9-सुभाष नगर
शाहजहांपुर,नगर निगम - 3-शाहजहॉपुर,135. Shahjahanpur,10-खिरनी बाग
शाहजहांपुर,नगर निगम - 3-शाहजहॉपुर,135. Shahjahanpur,11-अहमदपुरा
शाहजहांपुर,नगर निगम - 3-शाहजहॉपुर,135. Shahjahanpur,12-हयात पुरा
शाहजहांपुर,नगर निगम - 3-शाहजहॉपुर,136. Dadraul,13-भारद्वाजी
शाहजहांपुर,नगर निगम - 3-शाहजहॉपुर,135. Shahjahanpur,14-नई बस्ती
शाहजहांपुर,नगर निगम - 3-शाहजहॉपुर,135. Shahjahanpur,15-बाबूजई
शाहजहांपुर,नगर निगम - 3-शाहजहॉपुर,135. Shahjahanpur,16-बाडूजई प्रथम
शाहजहांपुर,नगर निगम - 3-शाहजहॉपुर,135. Shahjahanpur,17-आवास विकास कालोनी
शाहजहांपुर,नगर निगम - 3-शाहजहॉपुर,135. Shahjahanpur,18-आदर्श नगर रौजा
शाहजहांपुर,नगर निगम - 3-शाहजहॉपुर,136. Dadraul,19-जियाखेल
शाहजहांपुर,नगर निगम - 3-शाहजहॉपुर,135. Shahjahanpur,20-दिलाजाक
शाहजहांपुर,नगर निगम - 3-शाहजहॉपुर,135. Shahjahanpur,21-फत्तेपुररेती
शाहजहांपुर,नगर निगम - 3-शाहजहॉपुर,136. Dadraul,22-एमनजई जलालनगर
शाहजहांपुर,नगर निगम - 3-शाहजहॉपुर,135. Shahjahanpur,23-लालपुर
शाहजहांपुर,नगर निगम - 3-शाहजहॉपुर,135. Shahjahanpur,24-ख्वाजा फिरोज
शाहजहांपुर,नगर निगम - 3-शाहजहॉपुर,135. Shahjahanpur,25-मोहम्मद जई
शाहजहांपुर,नगर निगम - 3-शाहजहॉपुर,135. Shahjahanpur,26-तिराही
शाहजहांपुर,नगर निगम - 3-शाहजहॉपुर,135. Shahjahanpur,27-अन्टा
शाहजहांपुर,नगर निगम - 3-शाहजहॉपुर,135. Shahjahanpur,28-बीबीजई हद्वफ
शाहजहांपुर,नगर निगम - 3-शाहजहॉपुर,135. Shahjahanpur,29-सदर बाजार
शाहजहांपुर,नगर निगम - 3-शाहजहॉपुर,135. Shahjahanpur,30-जलालनगर बाहर चुंगी
शाहजहांपुर,नगर निगम - 3-शाहजहॉपुर,135. Shahjahanpur,31-ककरा
शाहजहांपुर,नगर निगम - 3-शाहजहॉपुर,136. Dadraul,32-रोशनगंज
शाहजहांपुर,नगर निगम - 3-शाहजहॉपुर,135. Shahjahanpur,33-तिलहर जई
शाहजहांपुर,नगर निगम - 3-शाहजहॉपुर,135. Shahjahanpur,34-मक्कू बजरिया
शाहजहांपुर,नगर निगम - 3-शाहजहॉपुर,136. Dadraul,35-दीवानजोगराज
शाहजहांपुर,नगर निगम - 3-शाहजहॉपुर,136. Dadraul,36-ताजूखेल
शाहजहांपुर,नगर निगम - 3-शाहजहॉपुर,135. Shahjahanpur,37-अहमदपुर न्याजपुर
शाहजहांपुर,नगर निगम - 3-शाहजहॉपुर,135. Shahjahanpur,38-बिजलीपुरा
शाहजहांपुर,नगर निगम - 3-शाहजहॉपुर,136. Dadraul,39-बकसरियां
शाहजहांपुर,नगर निगम - 3-शाहजहॉपुर,135. Shahjahanpur,40-बाडूजई पेशावरी
शाहजहांपुर,नगर निगम - 3-शाहजहॉपुर,136. Dadraul,41-सिन्जई
शाहजहांपुर,नगर निगम - 3-शाहजहॉपुर,136. Dadraul,42-हुण्डालखेल
शाहजहांपुर,नगर निगम - 3-शाहजहॉपुर,136. Dadraul,43-तारीन बहादुरगंज
शाहजहांपुर,नगर निगम - 3-शाहजहॉपुर,136. Dadraul,44-अलीजेई
शाहजहांपुर,नगर निगम - 3-शाहजहॉपुर,136. Dadraul,45-दलेलगंज
शाहजहांपुर,नगर निगम - 3-शाहजहॉपुर,135. Shahjahanpur,46-तारीन टिकली
शाहजहांपुर,नगर निगम - 3-शाहजहॉपुर,136. Dadraul,47-कटिया टोला
शाहजहांपुर,नगर निगम - 3-शाहजहॉपुर,136. Dadraul,48-निसरजई
शाहजहांपुर,नगर निगम - 3-शाहजहॉपुर,135. Shahjahanpur,49-आनन्दनुरम कालोनी
शाहजहांपुर,नगर निगम - 3-शाहजहॉपुर,136. Dadraul,50-रंगीन चौपाल
शाहजहांपुर,नगर निगम - 3-शाहजहॉपुर,136. Dadraul,51-महमन्द जंगला
शाहजहांपुर,नगर निगम - 3-शाहजहॉपुर,136. Dadraul,52-कांशीराम कालोनी
शाहजहांपुर,नगर निगम - 3-शाहजहॉपुर,136. Dadraul,53-रामनगर कालोनी
शाहजहांपुर,नगर निगम - 3-शाहजहॉपुर,136. Dadraul,54-यूनुसखेल
शाहजहांपुर,नगर निगम - 3-शाहजहॉपुर,136. Dadraul,55-मामूडी
शाहजहांपुर,नगर निगम - 3-शाहजहॉपुर,136. Dadraul,56-किला
शाहजहांपुर,नगर निगम - 3-शाहजहॉपुर,136. Dadraul,57-महमन्द जलालनगर
शाहजहांपुर,नगर निगम - 3-शाहजहॉपुर,136. Dadraul,58-तारीन जलालनगर
शाहजहांपुर,नगर निगम - 3-शाहजहॉपुर,136. Dadraul,59-हाथी थान
शाहजहांपुर,नगर निगम - 3-शाहजहॉपुर,136. Dadraul,60-गढ़ीगाड़ीपुरा
सहारनपुर,नगर निगम - 1-सहारनपुर,3. Saharanpur Nagar,1-मौअज्जमपुरा
सहारनपुर,नगर निगम - 1-सहारनपुर,3. Saharanpur Nagar,2-पिंजौरा बादशाहपुर
सहारनपुर,नगर निगम - 1-सहारनपुर,3. Saharanpur Nagar,3-औज़पुरा
सहारनपुर,नगर निगम - 1-सहारनपुर,3. Saharanpur Nagar,4-मौहम्मदपुर माफी (जे० जे० पुरम)
सहारनपुर,नगर निगम - 1-सहारनपुर,3. Saharanpur Nagar,5-सड़क दूधली
सहारनपुर,नगर निगम - 1-सहारनपुर,3. Saharanpur Nagar,6-वर्धमान कालौनी दरा कोटतला
सहारनपुर,नगर निगम - 1-सहारनपुर,3. Saharanpur Nagar,7-जाटव नगर
सहारनपुर,नगर निगम - 1-सहारनपुर,3. Saharanpur Nagar,8-दराकोटतला स्वादबैरून
सहारनपुर,नगर निगम - 1-सहारनपुर,3. Saharanpur Nagar,9-ग्वालीरा
सहारनपुर,नगर निगम - 1-सहारनपुर,3. Saharanpur Nagar,10-फतेहपुर जट्ट
सहारनपुर,नगर निगम - 1-सहारनपुर,3. Saharanpur Nagar,11-मवीकला
सहारनपुर,नगर निगम - 1-सहारनपुर,3. Saharanpur Nagar,12-खलासी लाईन उत्तरी
सहारनपुर,नगर निगम - 1-सहारनपुर,3. Saharanpur Nagar,13-चकहरेटी
सहारनपुर,नगर निगम - 1-सहारनपुर,3. Saharanpur Nagar,14-शारदा नगर (उत्तरी)
सहारनपुर,नगर निगम - 1-सहारनपुर,3. Saharanpur Nagar,15-रेलवे क्वार्टर
सहारनपुर,नगर निगम - 1-सहारनपुर,3. Saharanpur Nagar,16-नवीन नगर
सहारनपुर,नगर निगम - 1-सहारनपुर,3. Saharanpur Nagar,17-गढ़ी मलूक
सहारनपुर,नगर निगम - 1-सहारनपुर,3. Saharanpur Nagar,18-लेबर कॉलोनी
सहारनपुर,नगर निगम - 1-सहारनपुर,3. Saharanpur Nagar,19-गोपाल नगर
सहारनपुर,नगर निगम - 1-सहारनपुर,3. Saharanpur Nagar,20-जनकपुरी
सहारनपुर,नगर निगम - 1-सहारनपुर,3. Saharanpur Nagar,21-हिम्मत नगर
सहारनपुर,नगर निगम - 1-सहारनपुर,3. Saharanpur Nagar,23-किशनपुरा
सहारनपुर,नगर निगम - 1-सहारनपुर,3. Saharanpur Nagar,24-गोविन्द नगर
सहारनपुर,नगर निगम - 1-सहारनपुर,3. Saharanpur Nagar,25-आई. टी. सी. खलासी लाइन
सहारनपुर,नगर निगम - 1-सहारनपुर,3. Saharanpur Nagar,26-मानकमऊ उत्तरी
सहारनपुर,नगर निगम - 1-सहारनपुर,3. Saharanpur Nagar,27-दरामिलकाना
सहारनपुर,नगर निगम - 1-सहारनपुर,3. Saharanpur Nagar,28-खानालमपुरा तकिया
सहारनपुर,नगर निगम - 1-सहारनपुर,3. Saharanpur Nagar,29-बेरीबाग
सहारनपुर,नगर निगम - 1-सहारनपुर,3. Saharanpur Nagar,30-मदनपुरी
सहारनपुर,नगर निगम - 1-सहारनपुर,3. Saharanpur Nagar,31-मानकमऊ दक्षिणी
सहारनपुर,नगर निगम - 1-सहारनपुर,3. Saharanpur Nagar,32-खानालमपुरा
सहारनपुर,नगर निगम - 1-सहारनपुर,3. Saharanpur Nagar,33-हसनपुरकदीम
सहारनपुर,नगर निगम - 1-सहारनपुर,3. Saharanpur Nagar,34-इलाहीपुरा
सहारनपुर,नगर निगम - 1-सहारनपुर,3. Saharanpur Nagar,35-जवाहर पार्क
सहारनपुर,नगर निगम - 1-सहारनपुर,3. Saharanpur Nagar,"36-सिराज कालोनी, दराकोटतला"
सहारनपुर,नगर निगम - 1-सहारनपुर,3. Saharanpur Nagar,37-गिल कॉलोनी
सहारनपुर,नगर निगम - 1-सहारनपुर,3. Saharanpur Nagar,38-न्यू माधोनगर
सहारनपुर,नगर निगम - 1-सहारनपुर,3. Saharanpur Nagar,39-नाजिरपुरा
सहारनपुर,नगर निगम - 1-सहारनपुर,3. Saharanpur Nagar,40-गुरुद्वारा रोड
सहारनपुर,नगर निगम - 1-सहारनपुर,3. Saharanpur Nagar,41-शारदानगर (दक्षिणी)
सहारनपुर,नगर निगम - 1-सहारनपुर,3. Saharanpur Nagar,42-नुमाइश कैम्प
सहारनपुर,नगर निगम - 1-सहारनपुर,3. Saharanpur Nagar,43-सराय हिसामुद्दीन
सहारनपुर,नगर निगम - 1-सहारनपुर,3. Saharanpur Nagar,44-कुतुबशेर
सहारनपुर,नगर निगम - 1-सहारनपुर,3. Saharanpur Nagar,45-छिपियान
सहारनपुर,नगर निगम - 1-सहारनपुर,3. Saharanpur Nagar,46-मोहित विहार
सहारनपुर,नगर निगम - 1-सहारनपुर,3. Saharanpur Nagar,47-खालापार
सहारनपुर,नगर निगम - 1-सहारनपुर,3. Saharanpur Nagar,48-आवास विकास
सहारनपुर,नगर निगम - 1-सहारनपुर,3. Saharanpur Nagar,49-मुबारिक शाह
सहारनपुर,नगर निगम - 1-सहारनपुर,3. Saharanpur Nagar,50-हकीकतनगर
सहारनपुर,नगर निगम - 1-सहारनपुर,3. Saharanpur Nagar,51-रानीबाजार
सहारनपुर,नगर निगम - 1-सहारनपुर,3. Saharanpur Nagar,52-किला नवाबगंज
सहारनपुर,नगर निगम - 1-सहारनपुर,3. Saharanpur Nagar,53-प्रताप नगर-जैन बाग
सहारनपुर,नगर निगम - 1-सहारनपुर,3. Saharanpur Nagar,54-नूरबस्ती
सहारनपुर,नगर निगम - 1-सहारनपुर,3. Saharanpur Nagar,55-चन्द्र नगर
सहारनपुर,नगर निगम - 1-सहारनपुर,3. Saharanpur Nagar,56-खाताखेडी हयात कॉलोनी
सहारनपुर,नगर निगम - 1-सहारनपुर,3. Saharanpur Nagar,57-सराय मरदान अली
सहारनपुर,नगर निगम - 1-सहारनपुर,3. Saharanpur Nagar,58-दीनानाथ
सहारनपुर,नगर निगम - 1-सहारनपुर,3. Saharanpur Nagar,59-मटिया महल
सहारनपुर,नगर निगम - 1-सहारनपुर,3. Saharanpur Nagar,60-हयात कॉलोनी
सहारनपुर,नगर निगम - 1-सहारनपुर,3. Saharanpur Nagar,61-आजाद कॉलोनी
सहारनपुर,नगर निगम - 1-सहारनपुर,3. Saharanpur Nagar,62-याहियाशाह
सहारनपुर,नगर निगम - 1-सहारनपुर,3. Saharanpur Nagar,63-साबरी बाग़
सहारनपुर,नगर निगम - 1-सहारनपुर,3. Saharanpur Nagar,64-वुड सीजनिंग प्लांट
सहारनपुर,नगर निगम - 1-सहारनपुर,3. Saharanpur Nagar,65-कमला कॉलोनी
सहारनपुर,नगर निगम - 1-सहारनपुर,3. Saharanpur Nagar,66-नदीम कॉलोनी
सहारनपुर,नगर निगम - 1-सहारनपुर,3. Saharanpur Nagar,67-दराअली बैरून
सहारनपुर,नगर निगम - 1-सहारनपुर,3. Saharanpur Nagar,68-आली आहग्रान
सहारनपुर,नगर निगम - 1-सहारनपुर,3. Saharanpur Nagar,69-लोहानी सराय
सहारनपुर,नगर निगम - 1-सहारनपुर,3. Saharanpur Nagar,70-काजी-लक्खी गेट
गाजियाबाद,नगर निगम,56. Ghaziabad,पटेलनगर मुकन्दनगर
गाजियाबाद,नगर निगम,55. Sahibabad,भोवापुर
मेरठ,नगर निगम,48. Meerut City,श्यामनगर पश्चिमी
शाहजहाँपुर,नगर निगम,,हयात पुरा
सहारनपुर,नगर निगम,3. Saharanpur Nagar,प्रताप नगर-जैन बाग