जिला,"विधानसभा
",नगर पालिका
अमरोहा,41. Amroha,नगर पालिका परिषद - 1-अमरोहा
अमरोहा,42. Hasanpur,नगर पालिका परिषद - 2-हसनपुर
अमरोहा,39. Dhanaura,नगर पालिका परिषद - 3-धनौरा
अमरोहा,39. Dhanaura,नगर पालिका परिषद - 5-गजरौला
अमेठी,178. Tiloi,नगर पालिका परिषद - 1-जायस
अमेठी,185. Gauriganj,नगर पालिका परिषद - 2-गौरीगंज
अम्बेडकर नगर,281. Akbarpur,नगर पालिका परिषद - 1-अकबरपुर
अम्बेडकर नगर,278. Tanda,नगर पालिका परिषद - 2-टाण्डा
अलीगढ़,71. Khair,नगर पालिका परिषद - 1-खैर
आगरा,93. Fatehabad,नगर पालिका परिषद - 2-शमसाबाद
आगरा,91. Fatehpur Sikri,नगर पालिका परिषद - 5-अछनेरा
आजमगढ़,346. Mubarakpur,नगर पालिका परिषद - 1-मुबारकपुर
इटावा,200. Etawah,नगर पालिका परिषद - 1-इटावा
उन्नाव,165. Unnao,नगर पालिका परिषद - 1-उन्नाव
उन्नाव,165. Unnao,नगर पालिका परिषद - 2-बांगरमऊ
उन्नाव,162. Bangarmau,नगर पालिका परिषद - 3-गंगाघाट
एटा,104. Etah,नगर पालिका परिषद - 1-अलीगंज
एटा,104. Etah,नगर पालिका परिषद - 3-एटा
एटा,105. Marhara,नगर पालिका परिषद - 4-जलेसर
औरैया,204. Auraiya,नगर पालिका परिषद - 1-औरैया
कन्नौज,196. Chhibramau,नगर पालिका परिषद - 2-छिबरामऊ
कन्नौज,196. Chhibramau,नगर पालिका परिषद - 3-गुरसहायगंज
कानपुर देहात,208. Bhognipur,नगर पालिका परिषद - 1-पुखरायाँ
कानपुर देहात,205. Rasulabad,नगर पालिका परिषद - 2-झींझक
कानपुर नगर,218. Ghatampur,नगर पालिका परिषद - 1-घाटमपुर
कासगंज,100. Kasganj,नगर पालिका परिषद - 1-सोरों
कासगंज,100. Kasganj,नगर पालिका परिषद - 3-कासगंज
कुशीनगर,330. Padrauna,नगर पालिका परिषद - 1-पडरौना
कुशीनगर,333. Kushinagar,नगर पालिका परिषद - 2-कुशीनगर
कौशाम्बी,252. Manjhanpur,नगर पालिका परिषद - 1-भरवारी
कौशाम्बी,252. Manjhanpur,नगर पालिका परिषद - 2-मंझनपुर
गाजियाबाद,57. Modi Nagar,नगर पालिका परिषद - 4-मोदी नगर
गाजियाबाद,53. Loni,नगर पालिका परिषद - 6-लोनी
गाजियाबाद,55. Sahibabad,नगर पालिका परिषद - 7-खोड़ा- मकनपुर
गाज़ीपुर,374. Saidpur,नगर पालिका परिषद - 1-गाजीपुर
गाज़ीपुर,379. Zamaniya,नगर पालिका परिषद - 2-जमानियां
गोंडा,300. Mankapur,नगर पालिका परिषद - 2-नवाबगंज
गोंडा,298. Colonelganj,नगर पालिका परिषद - 3-करनैलगंज
गौतमबुद्ध नगर,62. Dadri,नगर पालिका परिषद - 1-दादरी
चन्दौली,380. Mughalsarai,नगर पालिका परिषद - 1-पं० दीनदयाल उपाध्याय नगर
चित्रकूट,236. Chitrakoot,नगर पालिका परिषद - 1-चित्रकूटधाम कर्वी
जालौन,221. Orai,नगर पालिका परिषद - 2-जालौन
जालौन,225. Garautha,नगर पालिका परिषद - 3-कोंच
जालौन,220. Kalpi,नगर पालिका परिषद - 4-कालपी
जौनपुर,366. Jaunpur,नगर पालिका परिषद - 1-जौनपुर
जौनपुर,368. Mungra Badshahpur,नगर पालिका परिषद - 2-मुंगरा बादशाहपुर
झांसी,222. Babina,नगर पालिका परिषद - 2-बरूआसागर
झांसी,225. Garautha,नगर पालिका परिषद - 3-गुरसरांय
झांसी,225. Garautha,नगर पालिका परिषद - 4-समथर
झांसी,224. Mauranipur,नगर पालिका परिषद - 5-मऊ रानीपुर
देवरिया,342. Barhaj,नगर पालिका परिषद - 1-गौरा बरहज
देवरिया,337. Deoria,नगर पालिका परिषद - 2-देवरिया
पीलीभीत,130. Bisalpur,नगर पालिका परिषद - 1-बीसलपुर
पीलीभीत,129. Puranpur,नगर पालिका परिषद - 2-पूरनपुर
पीलीभीत,127. Pilibhit,नगर पालिका परिषद - 3-पीलीभीत
प्रतापगढ़,248. Pratapgarh,नगर पालिका परिषद - 1-बेल्हा प्रतापगढ
फतेहपुर,239. Bindki,नगर पालिका परिषद - 2-बिन्दकी
फर्रुखाबाद,192. Kaimganj,नगर पालिका परिषद - 1-कायमगंज
फर्रुखाबाद,194. Farrukhabad,नगर पालिका परिषद - 2-फरुखाबाद
फिरोज़ाबाद,99. Sirsaganj,नगर पालिका परिषद - 1-सिरसागंज
फिरोज़ाबाद,95. Tundla,नगर पालिका परिषद - 2-टूण्डला
फिरोज़ाबाद,98. Shikohabad,नगर पालिका परिषद - 3-शिकोहाबाद
बदायूं,114. Bilsi,नगर पालिका परिषद - 3-उझानी
बदायूं,114. Bilsi,नगर पालिका परिषद - 4-बिलसी
बदायूं,117. Dataganj,नगर पालिका परिषद - 7-दातागंज
बरेली,121. Nawabganj,नगर पालिका परिषद - 2-नवाबगंज
बरेली,118. Baheri,नगर पालिका परिषद - 4-बहेडी
बलरामपुर,294. Balrampur,नगर पालिका परिषद - 1-बलरामपुर
बलरामपुर,293. Utraula,नगर पालिका परिषद - 2-उतरौला
बलिया,361. Ballia Nagar,नगर पालिका परिषद - 2-बलिया
बस्ती,310. Basti Sadar,नगर पालिका परिषद - 1-बस्ती
बहराइच,283. Nanpara,नगर पालिका परिषद - 1-नानपारा
बहराइच,286. Bahraich,नगर पालिका परिषद - 2-बहराइच
बांदा,235. Banda,नगर पालिका परिषद - 1-अतर्रा
बांदा,235. Banda,नगर पालिका परिषद - 2-बांदा
बागपत,52. Baghpat,नगर पालिका परिषद - 1-बागपत
बागपत,51. Baraut,नगर पालिका परिषद - 2-बडौत
बागपत,52. Baghpat,नगर पालिका परिषद - 3-खेकडा
बिजनौर,20. Dhampur,नगर पालिका परिषद - 1-स्योहारा
बिजनौर,23. Chandpur,नगर पालिका परिषद - 2-चांदपुर
बिजनौर,24. Noorpur,नगर पालिका परिषद - 3-नूरपुर
बिजनौर,21. Nehtaur,नगर पालिका परिषद - 4-हल्दौर
बिजनौर,22. Bijnor,नगर पालिका परिषद - 5-बिजनौर
बिजनौर,17. Najibabad,नगर पालिका परिषद - 7-नजीबाबाद
बिजनौर,21. Nehtaur,नगर पालिका परिषद - 8-नहटौर
बिजनौर,20. Dhampur,नगर पालिका परिषद - 9-धामपुर
बिजनौर,20. Dhampur,नगर पालिका परिषद - 10-शेरकोट
बिजनौर,18. Nagina,नगर पालिका परिषद - 11-नगीना
बुलंदशहर,70. Khurja,नगर पालिका परिषद - 1-खुर्जा
बुलंदशहर,65. Bulandshahr,नगर पालिका परिषद - 2-बुलन्दशहर
बुलंदशहर,67. Anupshahr,नगर पालिका परिषद - 3-जहाँगीराबाद
बुलंदशहर,69. Shikarpur,नगर पालिका परिषद - 4-शिकारपुर
बुलंदशहर,64. Sikandrabad,नगर पालिका परिषद - 6-गुलावठी
बुलंदशहर,67. Anupshahr,नगर पालिका परिषद - 7-अनूपशहर
बुलंदशहर,68. Debai,नगर पालिका परिषद - 8-डिबाई
बुलंदशहर,64. Sikandrabad,नगर पालिका परिषद - 9-सिकन्द्राबाद
भदोही,393. Gyanpur,नगर पालिका परिषद - 2-गोपीगंज
मथुरा,81. Chhata,नगर पालिका परिषद - 1-कोसी कलॉं
महराजगंज,316. Nautanwa,नगर पालिका परिषद - 2-नौतनवा
महोबा,230. Mahoba,नगर पालिका परिषद - 1-महोबा
मीरजापुर,396. Mirzapur,नगर पालिका परिषद - 2-मीरजापुर
मीरजापुर,399. Marihan,नगर पालिका परिषद - 3-अहरौरा
मुज़फ्फरनगर,14. Muzaffarnagar Sadar,नगर पालिका परिषद - 2-मुजफ्फरनगर
मुज़फ्फरनगर,15. Khatauli,नगर पालिका परिषद - 4-खतौली
मुरादाबाद,30. Bilari,नगर पालिका परिषद - 1-बिलारी
मेरठ,45. Hastinapur,नगर पालिका परिषद - 2-मवाना
मैनपुरी,107. Mainpuri,नगर पालिका परिषद - 1-मैनपुरी
रामपुर,34. Suar,नगर पालिका परिषद - 1-टाण्डा
रामपुर,34. Suar,नगर पालिका परिषद - 2-स्वार
रामपुर,38. Milak,नगर पालिका परिषद - 3-मिलक
रामपुर,36. Bilaspur,नगर पालिका परिषद - 4-बिलासपुर
रामपुर,37. Rampur,नगर पालिका परिषद - 5-रामपुर
रायबरेली,180. Rae Bareli,नगर पालिका परिषद - 1-रायबरेली
लखीमपुर खीरी,139. Gola Gokrannath,नगर पालिका परिषद - 1-गोला गोकर्ण नाथ
लखीमपुर खीरी,137. Paliya,नगर पालिका परिषद - 2-पलिया कलां
लखीमपुर खीरी,144. Mohammadi,नगर पालिका परिषद - 3-मोहम्मदी
लखीमपुर खीरी,142. Lakhimpur,नगर पालिका परिषद - 4-लखीम पुर
ललितपुर,226. Lalitpur,नगर पालिका परिषद - 1-ललितपुर
शामली,10. Shamli,नगर पालिका परिषद - 5-शामली
शाहजहांपुर,134. Powayan,नगर पालिका परिषद - 4-पुवायाँ
सन्त कबीर नगर,313. Khalilabad,नगर पालिका परिषद - 1-खलीलाबाद
सम्भल,33. Sambhal,नगर पालिका परिषद - 1-सम्भल
सम्भल,31. Chandausi,नगर पालिका परिषद - 2-चन्दौसी
सम्भल,31. Chandausi,नगर पालिका परिषद - 3-बहजोई
सहारनपुर,5. Deoband,नगर पालिका परिषद - 1-देवबन्द
सहारनपुर,2. Nakur,नगर पालिका परिषद - 2-नकुड
सहारनपुर,2. Nakur,नगर पालिका परिषद - 4-सरसावा
सिद्धार्थ नगर,302. Shohratgarh,नगर पालिका परिषद - 1-सिद्धार्थ नगर
सीतापुर,149. Biswan,नगर पालिका परिषद - 1-विसंवा
सीतापुर,148. Laharpur,नगर पालिका परिषद - 2-लहरपुर
सीतापुर,153. Mishrikh,नगर पालिका परिषद - 3-मिश्रिख नौमिषारण्य
सीतापुर,146. Sitapur,नगर पालिका परिषद - 4-खैराबाद
सीतापुर,146. Sitapur,नगर पालिका परिषद - 6-सीतापुर
सुलतानपुर,188. Sultanpur,नगर पालिका परिषद - 1-सुलतानपुर
सोनभद्र,403. Duddhi,नगर पालिका परिषद - 1-सोनभद्र
हमीरपुर,228. Hamirpur,नगर पालिका परिषद - 1-हमीरपुर
हमीरपुर,229. Rath,नगर पालिका परिषद - 2-राठ
हरदोई,159. Bilgram Mallanwan,नगर पालिका परिषद - 1-बिलग्राम
हरदोई,159. Bilgram Mallanwan,नगर पालिका परिषद - 2-मल्लाबाँ
हरदोई,156. Hardoi,नगर पालिका परिषद - 7-हरदोई
हाथरस,78. Hathras,नगर पालिका परिषद - 1-हाथरस
हाथरस,80. Sikandra Rao,नगर पालिका परिषद - 2-सिकन्दराराऊ
हापुड़,60. Garhmukteshwar,नगर पालिका परिषद - 2-गढमुक्तेश्वर
हापुड़,58. Dholana,नगर पालिका परिषद - 3-पिलखुवा
प्रतापगढ़,248. Pratapgarh,बेल्हा प्रतापगढ
लखीमपुर खीरी,137. Paliya,पलिया कलां
ललितपुर,226. Lalitpur,ललितपुर
सीतापुर,153. Mishrikh,मिश्रिख नौमिषारण्य